,mvk_hda_yield,vmin_vmin_boltz,vmin_r_boltz,fmo_e_homo_boltz,fmo_e_lumo_boltz,fmo_mu_boltz,fmo_eta_boltz,fmo_omega_boltz,somo_ra_boltz,somo_rc_boltz,nbo_P_boltz,nbo_P_ra_boltz,spindens_P_ra_boltz,nbo_P_rc_boltz,spindens_P_rc_boltz,nmr_P_boltz,nmrtens_sxx_P_boltz,nmrtens_syy_P_boltz,nmrtens_szz_P_boltz,efg_amp_P_boltz,efgtens_xx_P_boltz,efgtens_yy_P_boltz,efgtens_zz_P_boltz,nuesp_P_boltz,E_solv_cds_boltz,nbo_lp_P_percent_s_boltz,nbo_lp_P_occ_boltz,nbo_lp_P_e_boltz,nbo_bd_e_max_boltz,nbo_bd_e_avg_boltz,nbo_bds_e_min_boltz,nbo_bds_e_avg_boltz,nbo_bd_occ_min_boltz,nbo_bd_occ_avg_boltz,nbo_bds_occ_max_boltz,nbo_bds_occ_avg_boltz,E_solv_total_boltz,E_solv_elstat_boltz,E_oxidation_boltz,E_reduction_boltz,fukui_p_boltz,fukui_m_boltz,vbur_vtot_boltz,vbur_ratio_vbur_vtot_boltz,Pint_P_int_boltz,Pint_dP_boltz,Pint_P_min_boltz,Pint_P_max_boltz,volume_boltz,surface_area_boltz,sphericity_boltz,dipolemoment_boltz,dipolemoment_min,dipolemoment_max,dipolemoment_delta,dipolemoment_vburminconf,qpole_amp_boltz,qpole_amp_min,qpole_amp_max,qpole_amp_delta,qpole_amp_vburminconf,qpoletens_xx_boltz,qpoletens_xx_min,qpoletens_xx_max,qpoletens_xx_delta,qpoletens_xx_vburminconf,qpoletens_yy_boltz,qpoletens_yy_min,qpoletens_yy_max,qpoletens_yy_delta,qpoletens_yy_vburminconf,qpoletens_zz_boltz,qpoletens_zz_min,qpoletens_zz_max,qpoletens_zz_delta,qpoletens_zz_vburminconf,pyr_P_boltz,pyr_P_min,pyr_P_max,pyr_P_delta,pyr_P_vburminconf,pyr_alpha_boltz,pyr_alpha_min,pyr_alpha_max,pyr_alpha_delta,pyr_alpha_vburminconf,vbur_vbur_boltz,vbur_vbur_min,vbur_vbur_max,vbur_vbur_delta,vbur_vbur_vburminconf,vbur_qvbur_min_boltz,vbur_qvbur_min_min,vbur_qvbur_min_max,vbur_qvbur_min_delta,vbur_qvbur_min_vburminconf,vbur_qvbur_max_boltz,vbur_qvbur_max_min,vbur_qvbur_max_max,vbur_qvbur_max_delta,vbur_qvbur_max_vburminconf,vbur_qvtot_min_boltz,vbur_qvtot_min_min,vbur_qvtot_min_max,vbur_qvtot_min_delta,vbur_qvtot_min_vburminconf,vbur_qvtot_max_boltz,vbur_qvtot_max_min,vbur_qvtot_max_max,vbur_qvtot_max_delta,vbur_qvtot_max_vburminconf,vbur_max_delta_qvbur_boltz,vbur_max_delta_qvbur_min,vbur_max_delta_qvbur_max,vbur_max_delta_qvbur_delta,vbur_max_delta_qvbur_vburminconf,vbur_max_delta_qvtot_boltz,vbur_max_delta_qvtot_min,vbur_max_delta_qvtot_max,vbur_max_delta_qvtot_delta,vbur_max_delta_qvtot_vburminconf,vbur_ovbur_min_boltz,vbur_ovbur_min_min,vbur_ovbur_min_max,vbur_ovbur_min_delta,vbur_ovbur_min_vburminconf,vbur_ovbur_max_boltz,vbur_ovbur_max_min,vbur_ovbur_max_max,vbur_ovbur_max_delta,vbur_ovbur_max_vburminconf,vbur_ovtot_min_boltz,vbur_ovtot_min_min,vbur_ovtot_min_max,vbur_ovtot_min_delta,vbur_ovtot_min_vburminconf,vbur_ovtot_max_boltz,vbur_ovtot_max_min,vbur_ovtot_max_max,vbur_ovtot_max_delta,vbur_ovtot_max_vburminconf,vbur_near_vbur_boltz,vbur_near_vbur_min,vbur_near_vbur_max,vbur_near_vbur_delta,vbur_near_vbur_vburminconf,vbur_far_vbur_boltz,vbur_far_vbur_min,vbur_far_vbur_max,vbur_far_vbur_delta,vbur_far_vbur_vburminconf,vbur_near_vtot_boltz,vbur_near_vtot_min,vbur_near_vtot_max,vbur_near_vtot_delta,vbur_near_vtot_vburminconf,vbur_far_vtot_boltz,vbur_far_vtot_min,vbur_far_vtot_max,vbur_far_vtot_delta,vbur_far_vtot_vburminconf,sterimol_B1_boltz,sterimol_B1_min,sterimol_B1_max,sterimol_B1_delta,sterimol_B1_vburminconf,sterimol_B5_boltz,sterimol_B5_min,sterimol_B5_max,sterimol_B5_delta,sterimol_B5_vburminconf,sterimol_L_boltz,sterimol_L_min,sterimol_L_max,sterimol_L_delta,sterimol_L_vburminconf,sterimol_burB1_boltz,sterimol_burB1_min,sterimol_burB1_max,sterimol_burB1_delta,sterimol_burB1_vburminconf,sterimol_burB5_boltz,sterimol_burB5_min,sterimol_burB5_max,sterimol_burB5_delta,sterimol_burB5_vburminconf,sterimol_burL_boltz,sterimol_burL_min,sterimol_burL_max,sterimol_burL_delta,sterimol_burL_vburminconf
1,19,-0.061653832,1.819048482,-0.218243366,-0.025112319,-0.121677842,0.193131047,0.03833597,0.059115319,-0.363711578,0.801913877,0.762848685,0.039934438,1.16565782,0.466770835,306.7602335,286.0477335,304.9629317,329.2700282,1.750654742,-0.824412029,-0.599056362,1.42346838,-54.19681131,-11.7800896,51.27024712,1.927054025,-0.300539214,-0.439428738,-0.448304251,0.203063797,0.213486864,1.947840386,1.953640612,0.03943933,0.034855828,-18.90894535,-7.128855756,0.260081699,0.017364495,0.039065191,0.363743943,560.3636918,0.188389593,20.67366182,5.018495509,12.78666587,42.08441375,687.0055722,534.2836334,0.704737109,1.258121923,0.968893635,1.512403854,0.543510219,1.358751213,4.457962031,3.208771286,6.865921008,3.657149722,5.925214444,3.470276292,2.596043347,4.872843601,2.276800254,4.206576524,-0.794078773,-1.424726374,0.709004155,2.13373053,-0.033839406,-2.676197519,-4.913980006,-1.603841378,3.310138629,-4.172737118,0.925709479,0.841070382,0.952596145,0.111525763,0.899423076,18.81426145,14.92194508,27.88326723,12.96132215,22.14482622,105.5662868,56.45688734,127.9308737,71.47398637,56.45688734,14.13080251,9.989435355,18.90681844,8.917383084,10.86171984,41.2246802,16.52110992,44.21457336,27.69346344,17.40280755,69.46095831,46.82520534,86.56481345,39.73960811,64.28855956,237.9750003,210.8265026,267.6567497,56.83024717,257.1278963,23.52661595,2.762234192,26.82222486,24.05999067,6.541087709,137.5649393,109.3362163,201.979947,92.64373065,175.1233574,0.000662203,0,1.894133329,1.894133329,0,22.25250785,16.52110992,22.42314989,5.902039965,17.40280755,0.024899919,0,1.886762024,1.886762024,0,147.5000192,137.745785,253.5139824,115.7681974,253.5139824,70.69021306,56.45688734,79.67492477,23.21803742,56.45688734,34.87607373,0,48.25594895,48.25594895,0,418.6308424,398.155797,559.5005286,161.3447316,555.1293917,141.2808688,0,157.8201028,157.8201028,3.614927042,4.903718573,4.07060669,5.013689181,0.943082491,4.442682872,7.527389674,6.842619058,9.844823092,3.002204034,9.470359534,7.743234968,7.450735346,12.1316552,4.680919857,9.84520341,4.800335896,4.07060669,5.013689181,0.943082491,4.211190949,7.439480407,6.306577359,7.835474137,1.528896778,7.262693329,7.29157262,7.106518999,8.238802291,1.132283292,7.735548217
6,1,-0.0712438,1.780166116,-0.20994,0.01642,-0.09676,0.22636,0.020680548,0.08304,-0.38878,0.8049,0.7816,0.03121,1.42106,0.79423,230.2584,186.0104,186.1169,318.6477,1.734478804,-0.708263,-0.707933,1.416196,-54.201192,-11.65,47.41,1.92158,-0.27626,-0.42692,-0.426956667,0.19322,0.19328,1.94792,1.94793,0.04437,0.044363333,-15.59436334,-3.944363341,0.2573568,0.0499205,0.0233,0.61616,461.7349873,0.142245393,20.69,3.78,14.41,29.64,573.85453,420.07279,0.794988,1.146388772,1.146388772,1.146388772,0,1.146388772,3.481168393,3.481168393,3.481168393,0,3.481168393,1.421997417,1.421997417,1.421997417,0,1.421997417,1.420364517,1.420364517,1.420364517,0,1.420364517,-2.842361934,-2.842361934,-2.842361934,0,-2.842361934,0.821772077,0.821772077,0.821772077,0,0.821772077,30.51062291,30.51062291,30.51062291,0,30.51062291,65.67967459,65.67967459,65.67967459,0,65.67967459,15.28380472,15.28380472,15.28380472,0,15.28380472,17.33586965,17.33586965,17.33586965,0,17.33586965,98.4532661,98.4532661,98.4532661,0,98.4532661,133.1277768,133.1277768,133.1277768,0,133.1277768,1.445440232,1.445440232,1.445440232,0,1.445440232,33.6958677,33.6958677,33.6958677,0,33.6958677,0,0,0,0,0,17.33586965,17.33586965,17.33586965,0,17.33586965,0,0,0,0,0,133.1277768,133.1277768,133.1277768,0,133.1277768,65.67967459,65.67967459,65.67967459,0,65.67967459,0,0,0,0,0,462.5928659,462.5928659,462.5928659,0,462.5928659,0,0,0,0,0,5.230007913,5.230007913,5.230007913,0,5.230007913,6.902411037,6.902411037,6.902411037,0,6.902411037,7.400359315,7.400359315,7.400359315,0,7.400359315,5.218561374,5.218561374,5.218561374,0,5.218561374,6.443563831,6.443563831,6.443563831,0,6.443563831,6.952512587,6.952512587,6.952512587,0,6.952512587
11,9,-0.066834594,1.796641815,-0.220135327,0.03206723,-0.094034048,0.252202556,0.01753101,0.104343817,-0.423064979,0.77489329,0.744186754,0.024801478,1.368913643,0.774626765,283.1648383,250.9577587,274.5915589,323.9451941,1.681047798,-0.70391507,-0.668491782,1.372407655,-54.20330909,-8.661276678,50.84512678,1.942302944,-0.298768321,-0.437118827,-0.439193977,0.200299413,0.20441219,1.957711516,1.95916407,0.03441711,0.032226394,-12.13079758,-3.469520903,0.274773748,0.068652735,0.030706537,0.594020353,325.6411964,0.176634207,18.8658524,3.698527054,12.5813276,32.65404709,412.8986786,343.9843711,0.779557492,1.280456867,1.162567852,1.306525133,0.143957281,1.278652514,3.451551829,2.475751307,4.044920851,1.569169544,3.624459435,1.633474284,1.126083395,1.884797943,0.758714548,1.654635341,1.171118511,0.705889387,1.406291064,0.700401677,1.297532798,-2.804592795,-3.291089006,-2.003090711,1.287998295,-2.952168139,0.913126635,0.85753477,0.937359658,0.079824888,0.896857363,20.52626655,17.31947563,26.84048593,9.521010304,22.40527955,57.51884174,54.244799,71.52837342,17.28357442,54.244799,11.64839198,9.958058215,13.65428526,3.696227049,11.77688641,17.11585673,15.24092263,26.38608262,11.14516,15.90820979,56.96546902,42.74356882,69.5216621,26.77809328,59.09717476,100.6167848,93.46377101,103.0603578,9.596586794,100.2219114,4.465027117,1.484138705,12.88554534,11.40140664,3.652299053,35.08354023,21.02238945,59.29136994,38.26898048,37.89482172,0,0,0,0,0,16.82013244,15.24092263,21.53099322,6.290070592,15.90820979,0,0,0,0,0,100.6167848,93.46377101,103.0603578,9.596586794,100.2219114,57.18811018,54.244799,66.47142441,12.22662541,54.244799,0.330731554,0,5.380133543,5.380133543,0,324.8923539,313.124494,326.0564737,12.93197973,325.7120621,0.723599952,0,11.59342437,11.59342437,0,4.382608863,3.845267598,5.013362154,1.168094555,4.45002516,6.777848836,6.487822679,6.850781327,0.362958648,6.727667017,7.722115699,6.570864034,7.912771865,1.341907832,7.527091159,4.295497636,3.845267598,4.742704749,0.897437151,4.45002516,6.383627483,6.090231872,6.464182229,0.373950357,6.35604623,7.242139854,6.166026645,7.428161743,1.262135098,7.055395571
16,65,-0.0220091,1.900156495,-0.26032,-0.06878,-0.16455,0.19154,0.070681587,0.01742,-0.42338,0.81171,0.76683,0.02968,1.17969,0.47788,296.4885,284.7981,284.9003,319.767,1.796606517,-0.733877,-0.733046,1.466923,-54.146121,-4.07,49.76,1.89612,-0.33802,-0.50859,-0.508596667,0.19365,0.1937,1.95232,1.95235,0.03602,0.036006667,-13.43635827,-9.366358274,0.3066759,-0.0254115,0.04488,0.36798,433.1326886,0.116769786,18.45,5.43,10.02,36.15,457.42509,409.67823,0.70079,2.108337436,2.108337436,2.108337436,0,2.108337436,15.15750022,15.15750022,15.15750022,0,15.15750022,12.35034051,12.35034051,12.35034051,0,12.35034051,-5.484718533,-5.484718533,-5.484718533,0,-5.484718533,-6.865621972,-6.865621972,-6.865621972,0,-6.865621972,0.933230207,0.933230207,0.933230207,0,0.933230207,17.91382165,17.91382165,17.91382165,0,17.91382165,50.57681138,50.57681138,50.57681138,0,50.57681138,11.47148225,11.47148225,11.47148225,0,11.47148225,13.86032848,13.86032848,13.86032848,0,13.86032848,78.50172035,78.50172035,78.50172035,0,78.50172035,131.325881,131.325881,131.325881,0,131.325881,1.351308814,1.351308814,1.351308814,0,1.351308814,52.79360792,52.79360792,52.79360792,0,52.79360792,0,0,0,0,0,13.86032848,13.86032848,13.86032848,0,13.86032848,0,0,0,0,0,131.325881,131.325881,131.325881,0,131.325881,50.57681138,50.57681138,50.57681138,0,50.57681138,0,0,0,0,0,433.0335704,433.0335704,433.0335704,0,433.0335704,0,0,0,0,0,5.310137862,5.310137862,5.310137862,0,5.310137862,8.060535598,8.060535598,8.060535598,0,8.060535598,7.99380789,7.99380789,7.99380789,0,7.99380789,4.290043071,4.290043071,4.290043071,0,4.290043071,6.027593658,6.027593658,6.027593658,0,6.027593658,6.903372495,6.903372495,6.903372495,0,6.903372495
17,97,-0.0482304,1.860160207,-0.22839,-0.02949,-0.12894,0.1989,0.041793674,0.06051,-0.39438,0.79827,0.74625,0.04402,1.15315,0.45545,296.1527,284.3266,284.4367,319.6948,1.783838048,-0.72827,-0.728227,1.456498,-54.177169,-7.18,49.37,1.90175,-0.30781,-0.47689,-0.476896667,0.22426,0.224266667,1.95295,1.95295,0.03714,0.037103333,-13.92098384,-6.740983837,0.2765862,0.0158004,0.05202,0.35488,302.7159072,0.167446513,19.45,3.92,13.27,34.77,344.20752,307.53512,0.77233,1.460510726,1.460510726,1.460510726,0,1.460510726,4.561356291,4.561356291,4.561356291,0,4.561356291,1.882705291,1.882705291,1.882705291,0,1.882705291,1.841550763,1.841550763,1.841550763,0,1.841550763,-3.724256054,-3.724256054,-3.724256054,0,-3.724256054,0.932082024,0.932082024,0.932082024,0,0.932082024,18.07622581,18.07622581,18.07622581,0,18.07622581,50.68872317,50.68872317,50.68872317,0,50.68872317,11.48926263,11.48926263,11.48926263,0,11.48926263,13.88438429,13.88438429,13.88438429,0,13.88438429,61.42008783,61.42008783,61.42008783,0,61.42008783,86.83775327,86.83775327,86.83775327,0,86.83775327,1.337712053,1.337712053,1.337712053,0,1.337712053,25.41766543,25.41766543,25.41766543,0,25.41766543,0,0,0,0,0,13.88438429,13.88438429,13.88438429,0,13.88438429,0,0,0,0,0,86.83775327,86.83775327,86.83775327,0,86.83775327,50.68872317,50.68872317,50.68872317,0,50.68872317,0,0,0,0,0,302.7159072,302.7159072,302.7159072,0,302.7159072,0,0,0,0,0,4.287868079,4.287868079,4.287868079,0,4.287868079,6.323592295,6.323592295,6.323592295,0,6.323592295,7.181925015,7.181925015,7.181925015,0,7.181925015,4.278755456,4.278755456,4.278755456,0,4.278755456,6.029300445,6.029300445,6.029300445,0,6.029300445,6.914110295,6.914110295,6.914110295,0,6.914110295
21,0,-0.062157458,1.826695808,-0.230615103,0.036187804,-0.09721365,0.266802907,0.017713373,0.128594504,-0.495212503,0.732884024,0.603527305,0.187182779,1.331120244,0.790572495,315.6998514,298.0305157,313.8003366,335.2687861,1.69009076,-0.695169915,-0.684754769,1.379924682,-54.19777261,-2.201650962,53.79206977,1.95376289,-0.317891961,-0.450245527,-0.450454297,0.200551486,0.201753861,1.969418655,1.970052166,0.027816784,0.026284174,-5.008722182,-2.80707122,0.298367866,0.082910438,0.129356719,0.59823622,151.6454891,0.314514032,16.24898608,3.06496945,11.38629328,26.42063314,193.1211225,189.4594703,0.852904772,1.279253038,1.260425958,1.335250168,0.074824209,1.335250168,2.653686938,2.333564803,3.899440923,1.56587612,3.899440923,1.200946474,0.955873718,1.779973816,0.824100097,1.76662627,0.957207251,0.684156873,1.410612206,0.726455334,1.410612206,-2.158153725,-3.177238476,-1.882113947,1.295124529,-3.177238476,0.951508365,0.919633776,0.957432681,0.037798906,0.92109431,15.08487935,14.14287605,19.75071279,5.607836738,19.57036577,47.69626725,43.82863455,49.58215605,5.753521504,43.82863455,10.47172461,9.635919582,11.24347504,1.607555454,9.794897089,13.40688539,12.72029241,14.93028894,2.209996535,13.44092071,27.67903988,22.29004866,31.51210228,9.222053611,28.13325089,44.63557389,44.23055204,46.18495171,1.954399668,44.82517405,2.500848474,1.392099095,5.213834703,3.821735607,3.629289151,13.8160545,8.11975199,22.28624188,14.16648988,13.73184306,0,0,0,0,0,13.40688539,12.72029241,14.93028894,2.209996535,13.44092071,0,0,0,0,0,44.63557389,44.23055204,46.18495171,1.954399668,44.82517405,47.69626725,43.82863455,49.58215605,5.753521504,43.82863455,0,0,0,0,0,150.9730276,149.4491828,152.8046924,3.355509573,149.8243927,0,0,0,0,0,3.198165116,2.973777114,3.397559601,0.423782487,2.985816975,4.82141752,4.78785632,4.889759727,0.101903407,4.821202198,6.137610207,5.759324075,6.79753254,1.038208465,6.744437235,3.198165116,2.973777114,3.397559601,0.423782487,2.985816975,4.82141752,4.78785632,4.889759727,0.101903407,4.821202198,6.137610207,5.759324075,6.79753254,1.038208465,6.744437235
30,1,-0.067773247,1.782725937,-0.216838972,0.033656057,-0.091591457,0.250495029,0.016744957,0.11025774,-0.431334326,0.770485769,0.750168609,0.025736961,1.39987253,0.806980542,241.7788574,207.1507421,225.2080381,292.9777924,1.733973841,-0.718291069,-0.697440576,1.415732587,-54.20056022,-5.115629721,49.33849468,1.932417902,-0.29040992,-0.431535718,-0.43656051,0.184769515,0.191237797,1.943123105,1.949636648,0.054158098,0.046773957,-8.721618784,-3.605989063,0.27273318,0.072241814,0.02031716,0.629386761,277.7563395,0.230425566,18.13179133,3.067422281,12.70093206,31.15056375,350.5435447,284.5384425,0.844965034,1.136436628,1.12692255,1.189465179,0.062542629,1.189465179,3.213320538,2.897515869,3.36818758,0.470671711,2.90878771,1.57560043,1.278512527,1.633201267,0.35468874,1.444361849,1.028662018,0.91057353,1.189805518,0.279231989,0.91057353,-2.604262448,-2.736944262,-2.354935379,0.382008883,-2.354935379,0.843092138,0.83297565,0.874640158,0.041664508,0.874640158,28.21776047,24.8571019,29.34153153,4.484429636,24.8571019,64.00221492,61.55776434,64.27293283,2.715168483,61.55776434,14.09328868,11.96096563,14.29856253,2.337596903,13.54864889,18.27796944,17.52204068,18.39746287,0.875422196,17.52204068,51.26395037,50.43987593,54.44485157,4.004975641,53.45718372,103.1009635,92.15024203,103.9509281,11.80068611,92.15024203,3.197172095,2.722489816,4.857181215,2.1346914,3.973391782,51.8334169,30.31347624,52.91292173,22.59944548,30.31347624,0,0,0,0,0,18.27796944,17.52204068,18.39746287,0.875422196,17.52204068,0,0,0,0,0,103.1009635,92.15024203,103.9509281,11.80068611,92.15024203,64.00221492,61.55776434,64.27293283,2.715168483,61.55776434,0,0,0,0,0,276.613689,276.5790586,277.7029802,1.123921598,276.9350708,0,0,0,0,0,3.984986929,3.98343868,4.077447158,0.094008478,4.077447158,6.575061096,6.495456001,6.799015471,0.303559471,6.79090402,7.488961826,6.697178538,7.496178587,0.799000049,6.707379114,3.984986929,3.98343868,4.077447158,0.094008478,4.077447158,6.20657205,6.095225516,6.450931346,0.35570583,6.423807509,7.083345334,6.697178538,7.146336491,0.449157953,6.707379114
42,4,-0.066672543,1.814522259,-0.215938504,-0.030007941,-0.122973222,0.185930563,0.040666859,0.061826009,-0.37805546,0.781708762,0.765828694,0.0204144,1.285648828,0.62379933,275.931786,246.5839595,282.6009044,298.6103738,1.846816605,-0.849851949,-0.653812507,1.503664456,-54.19677354,-6.827941024,49.92007618,1.924733834,-0.29176311,-0.431776385,-0.444563763,0.1832527,0.199656673,1.935152774,1.944672922,0.060888116,0.050614354,-13.262114,-6.434172981,0.264474631,0.016017104,0.015880067,0.503940066,354.8547495,0.275095598,19.42600838,3.79802439,13.54806688,34.88070327,423.6547295,341.7867658,0.798124467,1.002944545,1.002388091,1.407256216,0.404868125,1.380969794,4.646420667,4.5204094,5.159026889,0.638617489,4.595207133,2.408130462,2.124586585,3.16412322,1.039536635,3.16412322,1.326934307,0.164136398,1.55144913,1.387312732,0.164136398,-3.735064769,-4.023089078,-3.328259619,0.694829459,-3.328259619,0.858996205,0.757343407,0.860114341,0.102770933,0.792528823,26.52338725,26.38884471,36.29501036,9.906165649,32.94498786,97.61959082,66.52371964,99.02416088,32.50044123,66.52371964,15.42718067,14.26613949,15.51390374,1.247764253,14.26613949,42.36677862,19.0773009,42.54635544,23.46905454,19.975733,55.10220433,55.08380538,62.39105469,7.307249307,56.36803291,165.1068248,124.6353342,167.7343422,43.09900808,124.6353342,24.80543996,3.930509692,25.49810957,21.56759988,5.709593509,104.7842581,63.24279448,111.6344049,48.3916104,63.24279448,0,0,0,0,0,22.11023054,19.00094986,22.22129029,3.220340431,19.69752236,0,0,0,0,0,111.113352,109.4613945,127.0540525,17.59265804,124.6353342,72.25556729,66.2444631,72.94557422,6.701111121,66.2444631,25.36402353,0.279256543,26.07858665,25.79933011,0.279256543,290.3406954,289.4362489,355.0262245,65.58997562,349.6396813,61.42398583,0.148270982,63.42649966,63.27822868,0.148270982,3.918473602,3.80618456,4.001884221,0.195699661,4.001884221,6.326523168,6.309413263,6.786482291,0.477069028,6.710866592,7.654241668,7.638048689,10.27879649,2.640747796,9.832448217,3.918473602,3.80618456,4.001884221,0.195699661,4.001884221,6.0858687,6.083480862,6.310058583,0.226577721,6.249141954,7.19386528,7.190901212,8.274696657,1.083795445,7.434028343
61,87,-0.0376375,1.860159885,-0.23821,-0.04316,-0.140685,0.19505,0.050736399,0.04582,-0.39844,0.80574,0.78555,0.0056,1.12031,0.39734,301.0801,288.9218,289.1366,325.1818,1.804477879,-0.736877,-0.736473,1.47335,-54.164252,-5.28,49.57,1.9063,-0.32062,-0.48988,-0.489913333,0.21163,0.211683333,1.95313,1.953143333,0.03774,0.03772,-12.96924022,-7.689240224,0.2860785,0.0013777,0.02019,0.31457,328.8549334,0.154661805,19.04,4.64,10.11,34.27,357.90566,322.80442,0.755191,0.463124692,0.463124692,0.463124692,0,0.463124692,6.351720798,6.351720798,6.351720798,0,6.351720798,5.185927142,5.185927142,5.185927142,0,5.185927142,-2.55055712,-2.55055712,-2.55055712,0,-2.55055712,-2.635370021,-2.635370021,-2.635370021,0,-2.635370021,0.932953799,0.932953799,0.932953799,0,0.932953799,17.95302952,17.95302952,17.95302952,0,17.95302952,50.86129744,50.86129744,50.86129744,0,50.86129744,11.50390529,11.50390529,11.50390529,0,11.50390529,13.96491895,13.96491895,13.96491895,0,13.96491895,64.81468453,64.81468453,64.81468453,0,64.81468453,95.85096251,95.85096251,95.85096251,0,95.85096251,1.342941576,1.342941576,1.342941576,0,1.342941576,31.03627798,31.03627798,31.03627798,0,31.03627798,0,0,0,0,0,13.96491895,13.96491895,13.96491895,0,13.96491895,0,0,0,0,0,95.85096251,95.85096251,95.85096251,0,95.85096251,50.86129744,50.86129744,50.86129744,0,50.86129744,0,0,0,0,0,328.8549334,328.8549334,328.8549334,0,328.8549334,0,0,0,0,0,4.449644321,4.449644321,4.449644321,0,4.449644321,6.919859432,6.919859432,6.919859432,0,6.919859432,7.224825242,7.224825242,7.224825242,0,7.224825242,4.253705307,4.253705307,4.253705307,0,4.253705307,6.051845084,6.051845084,6.051845084,0,6.051845084,6.94342827,6.94342827,6.94342827,0,6.94342827
65,82,-0.050720465,1.83166203,-0.238602611,-0.017302804,-0.127952707,0.221299806,0.036991948,0.064181525,-0.371617124,0.79214051,0.762368572,0.047068056,1.141367135,0.466997761,299.4347148,269.8491559,287.637918,340.8171031,1.715339329,-0.713092826,-0.687187835,1.400280661,-54.18167544,-8.877155687,56.26416755,1.947701857,-0.335785211,-0.453061946,-0.454037941,0.18211532,0.183518663,1.946485091,1.94892417,0.03346508,0.031527173,-17.52631356,-8.649157875,0.287394912,0.023551802,0.029771938,0.349226625,356.5077066,0.175306792,19.46122205,3.73442084,13.18609596,33.18389218,414.7570821,362.4013936,0.742394154,0.851317377,0.756947497,1.095978098,0.339030601,0.855802255,4.76690832,3.614477723,9.677790579,6.063312857,4.560548531,3.32665107,2.951135064,4.623279973,1.672144909,3.0512471,-0.494692288,-1.457508652,3.238024595,4.695533246,0.322813574,-2.831958782,-7.861304568,-1.493626413,6.367678155,-3.374060674,0.955436571,0.926171236,0.960636353,0.034465117,0.926171236,14.41001013,13.57803205,18.88246715,5.3044351,18.88246715,62.49965675,51.1206818,66.89815351,15.77747171,51.1206818,12.44029064,9.628598249,13.77142659,4.142828336,9.741555952,19.02392478,18.07323243,23.32053608,5.247303652,19.85336215,50.78386393,22.91698764,58.17370025,35.25671261,55.49872658,118.3748575,107.3310643,161.3042636,53.9731993,128.2807228,5.6097235,3.325976801,13.07276228,9.746785475,9.811631564,62.29723003,47.70182433,131.6246608,83.92283651,47.70182433,0.114448791,0,0.173620173,0.173620173,0,18.04085894,17.46242411,20.60222988,3.139805773,18.42151868,0.884178896,0,1.341309871,1.341309871,0,113.6457347,104.0550712,148.3572029,44.30213168,122.5455408,60.42399861,49.67524156,63.22389046,13.54864889,49.67524156,2.075658145,1.445440232,3.674263051,2.228822819,1.445440232,343.9424848,335.2579022,349.9657575,14.7078553,349.9657575,10.33748318,5.735182035,17.85268083,12.1174988,5.735182035,4.093111135,2.979538771,4.550005338,1.570466567,3.381262459,7.446431414,7.412687951,7.52850203,0.115814079,7.499927335,7.255023187,6.222584845,10.09848636,3.875901514,9.981540507,4.037729,2.979538771,4.468902275,1.489363504,3.26708975,7.025304677,6.993848034,7.105455613,0.111607579,7.077809305,6.572510563,6.222584845,7.607048434,1.38446359,7.607048434
75,36,-0.022015008,2.001820912,-0.248174277,-0.025615298,-0.136894787,0.22255898,0.042109784,0.060123659,-0.380664182,1.548381619,1.445405961,0.136551908,1.588639395,0.019120674,139.8008124,47.77136798,59.13171784,312.4992992,2.028537644,-0.884775423,-0.769911412,1.654686759,-54.07101204,-7.055699751,67.79471921,1.969241214,-0.407740073,-0.663029391,-0.676630031,0.165214365,0.174946211,1.962200196,1.96674872,0.098119799,0.083963725,-14.77350882,-7.717809065,0.29377854,0.017560832,0.102975658,0.040257776,337.0824376,0.157538813,19.28476014,3.734843237,13.16315946,32.87427737,377.4657152,340.7515359,0.741526146,1.159943922,0.311645827,2.055422944,1.743777117,2.055422944,11.2641844,7.991174845,16.08841757,8.097242729,11.76973892,7.937837303,6.395500927,9.830685504,3.435184577,8.4823531,-0.407686218,-2.866750247,6.561384972,9.428135219,-0.329573091,-7.530151085,-13.13613568,-4.316952686,8.819182989,-8.152780009,0.958037936,0.925101823,0.983143188,0.058041365,0.925101823,13.5035721,8.768585808,18.77063967,10.00205386,18.77063967,53.11022115,43.41131859,64.56055661,21.14923802,43.41131859,9.510562622,9.024065359,13.60931136,4.585246005,9.041845738,17.43985295,14.40942842,21.31762867,6.908200243,14.40942842,39.83177329,20.69306646,65.06247474,44.36940827,56.94858029,120.1440167,103.6465414,146.339715,42.69317359,110.1481339,7.451872312,2.324000142,11.46729863,9.143298489,5.326792405,73.09126785,25.89746603,99.36503038,73.46756435,53.19955359,0,0,0,0,0,16.98439746,14.40942842,19.69333874,5.283910314,14.40942842,0.011562363,0,0.15485041,0.15485041,0,118.0609183,102.9299787,139.943815,37.01383633,110.1481339,52.61935257,43.41131859,62.7155808,19.30426221,43.41131859,0.490868573,0,1.869031618,1.869031618,0,332.5361152,322.3179024,335.6590125,13.34111017,335.3573053,2.753468525,0,12.08326713,12.08326713,0,3.59824728,2.948701596,5.319361918,2.370660322,3.911283807,7.422564868,7.307633528,7.475927649,0.168294121,7.475927649,8.882964426,5.068056029,9.760309783,4.692253754,9.720258652,3.472911041,2.925181092,5.134091391,2.208910299,3.556213852,6.984669822,6.906780042,7.026573709,0.119793667,7.026573709,7.043201868,5.068056029,7.518816655,2.450760626,7.38123875
79,1,-0.064791344,1.799271302,-0.224140848,0.032749859,-0.095695495,0.256890707,0.017825979,0.118411641,-0.470332114,0.739956529,0.691115051,0.060591411,1.349419708,0.798262306,274.9555528,238.1292584,274.2300426,312.5074272,1.677052663,-0.705821983,-0.663251219,1.369073263,-54.20080017,-3.009952613,52.0947122,1.946278264,-0.306944453,-0.439915452,-0.441575233,0.19155465,0.195223113,1.957366957,1.959037379,0.03914515,0.037009904,-6.285315909,-3.275363295,0.285758099,0.076288722,0.048841478,0.609463179,203.5706607,0.278151475,17.06126307,3.034997154,12.33062598,29.49732311,258.0343221,228.1615643,0.859070855,1.282949901,1.069451984,1.432832832,0.363380847,1.069451984,2.940026645,1.859320343,3.758748052,1.899427709,3.758748052,1.463747669,0.759628,2.012664682,1.253036682,1.536434578,0.901493326,0.461073875,1.532569544,1.071495668,1.532569544,-2.365240995,-3.069004122,-1.518128563,1.550875558,-3.069004122,0.910182313,0.848837302,0.937206862,0.08836956,0.848837302,20.90629389,17.34177587,27.84038764,10.49861177,27.84038764,56.62406259,51.99505809,59.50151579,7.506457705,51.99505809,11.54903704,9.952828692,13.18885769,3.236029001,12.28101245,16.3810429,13.9774698,17.65173285,3.674263051,13.9774698,39.83014582,31.1348896,47.21582457,16.08093497,46.13908457,60.06933402,54.32373566,61.92134426,7.597608602,56.57324192,3.835069266,1.448577946,7.307735821,5.859157874,1.561535649,18.40593866,6.158922965,29.02541268,22.86648971,6.158922965,0,0,0,0,0,16.3810429,13.9774698,17.65173285,3.674263051,13.9774698,0,0,0,0,0,60.06933402,54.32373566,61.92134426,7.597608602,56.57324192,56.62406259,51.99505809,59.50151579,7.506457705,51.99505809,0,0,0,0,0,203.0681027,202.2584594,204.0717873,1.813327911,203.7040943,0,0,0,0,0,3.387400814,2.993951334,3.954868638,0.960917304,3.604426655,4.896527747,4.830768007,4.899877284,0.069109277,4.830768007,6.742231416,5.647709589,6.826509422,1.178799834,6.657275604,3.387400814,2.993951334,3.954868638,0.960917304,3.604426655,4.896527747,4.830768007,4.899877284,0.069109277,4.830768007,6.742231416,5.647709589,6.826509422,1.178799834,6.657275604
83,0,-0.061127008,1.79731781,-0.229428083,0.034755569,-0.097336257,0.264183652,0.017936026,0.119058502,-0.4733449,0.73900564,0.621099471,0.176290304,1.331136962,0.776606521,332.7635643,315.6076784,332.0414344,350.6415852,1.703688445,-0.700011768,-0.691020872,1.391032234,-54.19790357,-4.0477477,53.63427878,1.952813782,-0.317224714,-0.448872758,-0.449522708,0.201927769,0.203989772,1.968135675,1.969101086,0.02589246,0.024227841,-7.049418295,-3.001670595,0.293119502,0.077584923,0.117906169,0.592131323,205.2810559,0.263955013,16.8415427,3.506405276,11.3405877,28.8765954,262.9949538,251.7025989,0.788794681,1.161915425,1.103907677,1.43316266,0.329254983,1.410651407,2.631814996,1.968881419,3.984380221,2.015498803,3.962511102,1.201783943,0.845324074,2.242100172,1.396776098,2.242100172,0.937163625,0.451833337,1.159886079,0.708052741,0.898971505,-2.138947569,-3.167046016,-1.576930087,1.590115929,-3.141071677,0.95605813,0.913381095,0.964190966,0.050809871,0.920239253,14.3284041,12.92639015,20.50606102,7.579670867,19.65796824,54.18240157,43.37784964,70.8286632,27.45081356,43.37784964,10.77587858,9.584670254,15.05684341,5.472173152,9.735280524,17.45419292,13.10204761,22.50995997,9.407912367,13.10204761,30.9595853,22.89187256,38.72337759,15.83150503,29.3619949,62.78084546,61.70341713,71.00349561,9.300078476,62.45411726,6.009535527,1.390007286,12.10948409,10.7194768,3.274727473,26.61464291,13.98925989,45.53500978,31.54574989,29.47417159,0.028475467,0,0.49889652,0.49889652,0,16.48604355,13.10204761,19.97364119,6.87159358,13.10204761,0.040332306,0,0.706630978,0.706630978,0,62.53770323,59.09265099,71.00349561,11.91084462,62.45411726,52.86814202,43.37784964,65.39832624,22.0204766,43.37784964,1.314259549,0,5.430336966,5.430336966,0,202.4408877,194.1393307,205.413248,11.27391728,204.7972363,2.086697198,0,9.220771711,9.220771711,0,3.658578632,2.986221127,4.141025161,1.154804034,3.162529307,6.022104712,5.044175197,6.151138213,1.106963015,6.062930538,6.329355395,5.755177786,8.146141468,2.390963682,7.7710215,3.63092607,2.986221127,4.141025161,1.154804034,3.059937106,6.022104712,5.044175197,6.151138213,1.106963015,6.062930538,6.173766757,5.740571302,7.734565682,1.99399438,7.279093233
84,0,-0.048992357,1.848801943,-0.231277605,-0.029132394,-0.130205,0.202145212,0.041940327,0.066772868,-0.398079065,0.78779482,0.733973409,0.052934052,1.13818219,0.453450082,305.2327984,266.5923087,312.8204648,336.2855342,1.767137305,-0.748544013,-0.693936604,1.442480456,-54.17771744,-5.488056677,51.9372829,1.919466274,-0.319026233,-0.452777284,-0.469089461,0.180781168,0.207964822,1.940864069,1.951073067,0.037143035,0.034742021,-12.04618414,-6.558127464,0.282440066,0.019116299,0.053821411,0.35038737,267.6356398,0.184743835,18.82536212,3.701423214,12.75668541,32.16238481,309.4416313,279.9476233,0.790326936,1.312749847,1.127917487,1.49202481,0.364107323,1.220691302,6.935332106,5.632422291,8.736675554,3.104253263,8.736675554,5.117370329,3.724151508,5.990599044,2.266447535,5.990599044,-0.534792531,-1.054434168,0.848534301,1.902968469,0.358696929,-4.582577797,-6.349295972,-3.909337396,2.439958576,-6.349295972,0.94214615,0.895761655,0.946635893,0.050874239,0.922255815,16.54358303,15.90131854,22.71355684,6.812238295,19.3914221,49.44472182,46.72788225,54.77821037,8.050328126,46.72788225,9.983218627,9.701811575,10.83661813,1.13480655,10.20802943,14.44716235,14.08206027,18.25731165,4.175251381,14.50355984,32.44498894,29.43272726,41.93315936,12.5004321,37.04489597,90.48108001,88.36356631,92.44647207,4.082905754,89.56249829,3.948592996,2.747591527,7.420693524,4.673101996,4.054972345,54.34970486,41.98259147,60.11288623,18.13029476,52.51760231,0,0,0,0,0,14.42658791,14.08206027,17.75632332,3.674263051,14.50355984,0,0,0,0,0,90.48108001,88.36356631,92.44647207,4.082905754,89.56249829,49.42414737,46.72788225,54.27722204,7.549339796,46.72788225,0.020574445,0,0.500988329,0.500988329,0,266.5497081,265.3011184,267.9465142,2.645395751,266.8006043,0.028415802,0,0.691925602,0.691925602,0,3.393009035,3.244785267,3.712091584,0.467306317,3.297610852,6.412454358,6.398149702,6.512484475,0.114334774,6.508673009,7.657789065,7.552797758,8.044955667,0.492157909,8.039288046,3.344125677,3.244785267,3.540841325,0.296056057,3.297610852,6.051481031,6.043329577,6.083230934,0.039901357,6.079491784,7.244120333,7.1710572,7.632810818,0.461753618,7.560872909
89,5,-0.073437101,1.807322827,-0.206349016,-0.028420012,-0.117384514,0.177929004,0.038721324,0.054665684,-0.331971839,0.785852376,0.745809312,0.041516823,1.240784737,0.568263603,256.6923543,225.4903415,257.8111321,286.7756865,1.895783487,-0.929695782,-0.606944455,1.536640208,-54.1994767,-7.081828802,49.33833309,1.916582333,-0.280946283,-0.424687004,-0.437984619,0.186825299,0.201898529,1.937386414,1.944052636,0.060932907,0.053507858,-15.90558159,-8.823752793,0.248913597,0.013146352,0.040043064,0.454932361,566.3957071,0.214838144,20.57317159,4.902034422,12.79656593,41.07235363,684.9470455,512.4842301,0.733232762,3.631128441,2.142231513,3.641427071,1.499195558,2.703294481,11.1584597,10.54723768,13.84184134,3.294603658,11.54637596,8.357796003,7.865836091,11.00120212,3.135366028,9.206455975,-1.03805498,-3.258180547,-0.521682995,2.736497553,-2.84531014,-7.319741023,-7.856392756,-6.361145835,1.495246921,-6.361145835,0.818823663,0.745576336,0.822175656,0.07659932,0.745576336,30.75856334,30.39732187,36.97536344,6.578041572,36.97536344,121.6834609,78.88840447,128.8763715,49.98796706,78.88840447,16.22710328,14.78700001,16.33284708,1.545847079,14.78700001,44.14621519,26.61199803,44.48337086,17.87137283,26.61199803,58.09499691,53.68786535,68.54758176,14.85971641,68.54758176,275.6310466,254.2877134,286.5292184,32.24150498,254.2877134,22.46268779,11.82499802,25.10694123,13.28194321,11.82499802,170.8738585,160.1316322,195.6086809,35.47704873,161.2938019,0.054544275,0,0.502034234,0.502034234,0,22.35188258,20.91809309,22.43151712,1.513424035,20.91809309,0.023452085,0,0.497770707,0.497770707,0,181.8645646,172.5296325,254.2826378,81.75300532,254.2826378,78.50076094,73.12546982,79.25028748,6.124817657,73.12546982,43.18269995,5.762934646,50.34148283,44.57854818,5.762934646,401.2936569,397.6701779,551.8808179,154.21064,551.8808179,158.3590338,14.14277329,167.9694797,153.8267064,14.14277329,3.88904448,3.856212119,3.904676276,0.048464157,3.868698395,8.149436804,7.79573355,8.189640443,0.393906893,8.189640443,8.66096671,8.579108566,9.883299181,1.304190615,9.883299181,3.88904448,3.856212119,3.904676276,0.048464157,3.868698395,7.528170993,7.124052982,7.758184457,0.634131475,7.124052982,7.127244798,7.070822588,7.165717641,0.094895053,7.074700353
90,0,-0.064408457,1.810216318,-0.217078277,-0.028907645,-0.122992961,0.188170633,0.040195659,0.057400103,-0.364024739,0.782719636,0.740602855,0.047494708,1.186653272,0.506759488,271.3192114,245.0808055,272.244164,296.6325819,1.817337362,-0.833482546,-0.646431524,1.479914646,-54.19499359,-8.215500756,50.17516704,1.923716493,-0.293411707,-0.431208445,-0.44329093,0.181330501,0.1985914,1.934873937,1.944335281,0.058918688,0.050213937,-15.39349888,-7.17799812,0.260328164,0.014536803,0.042116781,0.403933636,511.2593132,0.221601383,20.3025624,4.669336501,12.73000676,40.16590842,621.7007089,471.520607,0.747087257,1.119257421,0.911094763,1.185049967,0.273955204,0.911094763,4.582341647,4.272379079,4.759715726,0.487336648,4.599605274,3.583383945,3.309648251,3.705624252,0.395976001,3.70312568,-0.859928973,-1.30996395,-0.700212734,0.609751216,-1.30996395,-2.723454972,-2.867064843,-2.39316173,0.473903113,-2.39316173,0.865591665,0.856300269,0.865933925,0.009633657,0.86265934,25.97015926,25.932893,26.97541562,1.042522615,26.3613123,113.2957086,101.8805265,121.0205817,19.14005518,101.8805265,15.17582596,14.7190162,15.55783174,0.838815533,14.7190162,42.32947625,39.33124453,43.26593784,3.93469331,39.33124453,55.89064598,54.68993054,56.75084207,2.06091153,54.82834205,251.5964169,247.2541575,255.6717457,8.417588231,250.5994676,23.77316726,19.39734772,24.00874134,4.611393622,19.39734772,169.6441293,158.6728042,176.248505,17.57570074,176.248505,0,0,0,0,0,22.30232256,22.21710667,22.34470704,0.127600368,22.24952971,0,0,0,0,0,152.9576693,152.771251,163.1587774,10.38752639,158.3968936,76.32973878,75.04365896,76.77463116,1.730972203,75.40240426,36.96596982,26.47812223,44.28046536,17.80234312,26.47812223,359.956768,357.5834543,368.9197608,11.33630652,368.9197608,148.6895109,136.9641564,150.5713752,13.60721879,136.9641564,3.929625798,3.927323497,3.988085318,0.060761821,3.988085318,7.760101863,7.6664563,8.010692937,0.344236637,7.6664563,7.511755362,7.330421591,7.536993145,0.206571555,7.330421591,3.929625798,3.927323497,3.988085318,0.060761821,3.988085318,7.714487114,6.585468275,7.805641584,1.220173309,7.013850595,7.073571378,6.934689441,7.078593438,0.143903998,6.934689441
116,96,-0.0559598,1.840787143,-0.2041,-0.02252,-0.11331,0.18158,0.035353993,0.06376,-0.35407,0.79834,0.75783,0.03159,0.96061,0.19519,298.0319,279.5339,293.3947,321.1671,1.782496751,-0.763027,-0.691795,1.454821,-54.186077,-7.65,49.06,1.90258,-0.29829,-0.46792,-0.468436667,0.23131,0.23453,1.95227,1.953276667,0.04283,0.03849,-16.21584872,-8.56584872,0.2494363,0.0208899,0.04051,0.16227,351.1988862,0.144452637,19.46,4.1,12.88,34.78,405.46162,358.87752,0.738195,3.593474143,3.593474143,3.593474143,0,3.593474143,12.97704267,12.97704267,12.97704267,0,12.97704267,10.43431182,10.43431182,10.43431182,0,10.43431182,-3.621640071,-3.621640071,-3.621640071,0,-3.621640071,-6.812671753,-6.812671753,-6.812671753,0,-6.812671753,0.930546203,0.930546203,0.930546203,0,0.930546203,18.28266739,18.28266739,18.28266739,0,18.28266739,50.73160527,50.73160527,50.73160527,0,50.73160527,11.20268475,11.20268475,11.20268475,0,11.20268475,14.47009089,14.47009089,14.47009089,0,14.47009089,59.82967924,59.82967924,59.82967924,0,59.82967924,137.5630895,137.5630895,137.5630895,0,137.5630895,2.166068539,2.166068539,2.166068539,0,2.166068539,77.73341027,77.73341027,77.73341027,0,77.73341027,0,0,0,0,0,14.47009089,14.47009089,14.47009089,0,14.47009089,0,0,0,0,0,137.5630895,137.5630895,137.5630895,0,137.5630895,50.73160527,50.73160527,50.73160527,0,50.73160527,0,0,0,0,0,351.1988862,351.1988862,351.1988862,0,351.1988862,0,0,0,0,0,4.346139281,4.346139281,4.346139281,0,4.346139281,8.682349986,8.682349986,8.682349986,0,8.682349986,8.312200982,8.312200982,8.312200982,0,8.312200982,4.244492119,4.244492119,4.244492119,0,4.244492119,6.029478955,6.029478955,6.029478955,0,6.029478955,6.993122588,6.993122588,6.993122588,0,6.993122588
123,4,-0.0128449,2.093991909,-0.27807,-0.07989,-0.17898,0.19818,0.080820064,0.01317,-0.41427,0.88933,0.80869,0.0961,1.16577,0.36146,363.4853,339.5322,363.5074,387.4164,1.962899172,-0.819612,-0.782948,1.602561,-54.1045,1.18,53.88,1.89492,-0.37396,-0.54366,-0.546716667,0.15233,0.156426667,1.94674,1.94906,0.04303,0.040426667,-4.475209287,-5.655209287,0.3257918,-0.0330749,0.08064,0.27644,426.1041898,0.155966145,18.16,5.53,10.69,36.73,411.06327,369.73291,0.723106,0.347627099,0.347627099,0.347627099,0,0.347627099,3.844677643,3.844677643,3.844677643,0,3.844677643,2.774938655,2.774938655,2.774938655,0,2.774938655,-0.116422639,-0.116422639,-0.116422639,0,-0.116422639,-2.658516016,-2.658516016,-2.658516016,0,-2.658516016,0.9109666,0.9109666,0.9109666,0,0.9109666,20.78015221,20.78015221,20.78015221,0,20.78015221,66.45782765,66.45782765,66.45782765,0,66.45782765,11.83754888,11.83754888,11.83754888,0,11.83754888,21.35632714,21.35632714,21.35632714,0,21.35632714,78.66125509,78.66125509,78.66125509,0,78.66125509,129.3010897,129.3010897,129.3010897,0,129.3010897,9.416279604,9.416279604,9.416279604,0,9.416279604,50.63983463,50.63983463,50.63983463,0,50.63983463,0,0,0,0,0,18.9204152,18.9204152,18.9204152,0,18.9204152,0,0,0,0,0,126.8992511,126.8992511,126.8992511,0,126.8992511,63.83365287,63.83365287,63.83365287,0,63.83365287,2.624174778,2.624174778,2.624174778,0,2.624174778,423.2092664,423.2092664,423.2092664,0,423.2092664,2.540005534,2.540005534,2.540005534,0,2.540005534,4.826062414,4.826062414,4.826062414,0,4.826062414,7.235586149,7.235586149,7.235586149,0,7.235586149,8.176901143,8.176901143,8.176901143,0,8.176901143,4.291547857,4.291547857,4.291547857,0,4.291547857,6.626497274,6.626497274,6.626497274,0,6.626497274,7.204855579,7.204855579,7.204855579,0,7.204855579
126,65,-0.0344757,1.880163839,-0.24042,-0.04685,-0.143635,0.19357,0.053290833,0.03781,-0.38648,0.80818,0.7619,0.0382,1.09358,0.3627,300.5154,289.4144,289.5277,322.6041,1.800032513,-0.735221,-0.7345,1.46972,-54.160579,-8.76,49.59,1.90261,-0.32398,-0.49377,-0.493813333,0.20834,0.208393333,1.95268,1.952693333,0.03717,0.037156667,-15.70675029,-6.946750287,0.2846851,-0.0043054,0.04628,0.2854,369.4470614,0.137142136,19.96,4.25,13.71,35.18,406.30549,363.4303,0.729958,0.562942679,0.562942679,0.562942679,0,0.562942679,5.987024021,5.987024021,5.987024021,0,5.987024021,4.888349567,4.888349567,4.888349567,0,4.888349567,-2.428137347,-2.428137347,-2.428137347,0,-2.428137347,-2.46021222,-2.46021222,-2.46021222,0,-2.46021222,0.933563057,0.933563057,0.933563057,0,0.933563057,17.86651241,17.86651241,17.86651241,0,17.86651241,50.66675918,50.66675918,50.66675918,0,50.66675918,11.48403311,11.48403311,11.48403311,0,11.48403311,13.887522,13.887522,13.887522,0,13.887522,70.83200219,70.83200219,70.83200219,0,70.83200219,109.1885645,109.1885645,109.1885645,0,109.1885645,1.326207102,1.326207102,1.326207102,0,1.326207102,38.3565623,38.3565623,38.3565623,0,38.3565623,0,0,0,0,0,13.887522,13.887522,13.887522,0,13.887522,0,0,0,0,0,109.1885645,109.1885645,109.1885645,0,109.1885645,50.66675918,50.66675918,50.66675918,0,50.66675918,0,0,0,0,0,369.4470614,369.4470614,369.4470614,0,369.4470614,0,0,0,0,0,4.660530017,4.660530017,4.660530017,0,4.660530017,7.566565948,7.566565948,7.566565948,0,7.566565948,7.205149615,7.205149615,7.205149615,0,7.205149615,4.267416084,4.267416084,4.267416084,0,4.267416084,6.039559117,6.039559117,6.039559117,0,6.039559117,6.932919063,6.932919063,6.932919063,0,6.932919063
141,83,-0.039844381,1.885288904,-0.232801429,-0.042670846,-0.137736138,0.190130584,0.049890288,0.049337007,-0.388981277,1.06817023,0.902634676,0.206772674,1.255953656,0.233129283,157.7143013,-23.33234378,230.4634738,266.0118003,2.394601369,-1.595551224,-0.18084996,1.776401186,-54.13946614,-7.309233331,56.9387112,1.937579255,-0.350550516,-0.487419519,-0.540944508,0.161784718,0.199755355,1.954021967,1.961273599,0.049792789,0.046958468,-14.73875652,-7.429523191,0.280694273,0.003574433,0.165535554,0.187783426,314.5474324,0.17200159,19.28416363,3.877023583,13.12698393,32.75039759,355.918172,323.2546148,0.751351655,1.707018155,1.644466693,2.753936754,1.109470062,2.391846446,8.083156315,5.11885276,10.97744572,5.858592963,8.85018104,5.417385556,3.484779085,8.918098701,5.433319616,6.709622027,0.548386957,-3.682651511,0.680558447,4.363209958,-1.031326257,-5.965772514,-6.77714454,-3.740779604,3.036364936,-5.67829577,0.958890112,0.912000021,0.959188558,0.047188537,0.912000021,13.71194779,13.64257496,20.7487203,7.106145338,20.7487203,54.10307572,45.12451041,55.6389899,10.51447949,45.12451041,10.47355663,9.632781868,11.18804209,1.555260221,9.632781868,18.32321928,13.36352377,19.12750432,5.763980551,13.36352377,44.68743952,40.32474757,59.16186158,18.83711402,44.64182494,107.8796686,95.98539588,108.7853256,12.79992968,98.12960474,7.593628349,3.175366531,7.618369503,4.443002972,3.175366531,57.55242735,36.8235343,63.27800849,26.45447419,53.4877798,0,0,0,0,0,17.92774367,13.36352377,18.4487122,5.08518843,13.36352377,0,0,0,0,0,104.8492812,95.98539588,105.1066622,9.121266352,98.12960474,53.71924575,45.12451041,54.96961093,9.845100513,45.12451041,0.383829971,0,0.669378979,0.669378979,0,311.5126724,310.1790647,312.676797,2.497732251,311.2772146,3.030999555,0,4.458124307,4.458124307,0,4.383622447,3.563752629,4.474119893,0.910367265,3.650161898,7.415866122,6.364191093,7.43309294,1.068901847,6.386936146,7.601765737,7.54676632,9.389780475,1.843014156,8.992493652,4.147350425,3.458042327,4.184704501,0.726662174,3.458042327,6.995736343,5.981301505,7.008687536,1.027386031,5.981301505,7.177543895,7.131943771,7.443874193,0.311930422,7.443874193
147,83,-0.03570171,1.880192122,-0.262767123,0.018244143,-0.12226149,0.281011266,0.026602003,0.133231795,-0.506290533,1.501991229,1.099680123,0.530785523,1.918203261,0.47098788,110.4900564,16.5361208,47.14824993,267.7858123,2.010570548,-0.874199558,-0.765937131,1.64013668,-54.10079098,1.16866285,65.64523449,1.970097884,-0.380672166,-0.652791508,-0.664943034,0.201757203,0.20940187,1.977866698,1.978177769,0.098462845,0.079993548,-3.124140052,-4.292802901,0.336003852,0.076290401,0.402311105,0.416212032,132.6059113,0.338394405,15.5037507,2.743596889,11.38734172,24.80281456,156.3695642,164.9556667,0.85094076,1.085677558,0.701791806,2.429912416,1.72812061,1.562755591,6.668137071,5.090298772,7.855417243,2.765118471,5.090298772,4.257905791,2.320587987,5.390384991,3.069797004,2.766623816,0.739229381,-1.197760473,2.30843605,3.506196524,1.302747527,-4.997135172,-5.705442032,-4.069371343,1.636070688,-4.069371343,0.949649801,0.946103321,0.971646978,0.025543657,0.953439229,14.96739954,11.45478065,15.47241647,4.017635823,14.44619454,44.87331941,44.5816859,50.03817048,5.456484582,44.5816859,9.189710821,8.976999649,11.11169105,2.1346914,8.976999649,13.59626364,13.11459846,16.08182997,2.967231505,14.2023393,20.83613406,18.04139016,26.25492962,8.213539458,22.43786406,39.84831722,39.52118752,40.29161531,0.770427794,40.29161531,4.025530387,1.581407838,4.400120881,2.818713044,4.400120881,17.08655887,8.737608578,20.88919246,12.15158388,13.39774353,0,0,0,0,0,13.59626364,13.11459846,16.08182997,2.967231505,14.2023393,0,0,0,0,0,39.84831722,39.52118752,40.29161531,0.770427794,40.29161531,44.87331941,44.5816859,50.03817048,5.456484582,44.5816859,0,0,0,0,0,132.6036349,132.5088385,132.8836912,0.374852735,132.5088385,0,0,0,0,0,2.459485098,2.28451538,3.361531726,1.077016346,2.562699884,4.551915384,4.511975093,4.601734042,0.089758949,4.601734042,6.446010756,5.028954916,6.518906581,1.489951665,6.518906581,2.459485098,2.28451538,3.361531726,1.077016346,2.562699884,4.551915384,4.511975093,4.601734042,0.089758949,4.601734042,6.446010756,5.028954916,6.518906581,1.489951665,6.518906581
148,0,-0.039054771,1.866264201,-0.25711899,0.023379108,-0.116869941,0.280498098,0.024350427,0.124415022,-0.479866992,1.518232126,1.199961032,0.427668533,1.905729124,0.440972988,116.0595478,23.17738322,51.92854304,273.072731,2.011112688,-0.846869818,-0.794834796,1.641704292,-54.10421901,-1.946666988,65.37120006,1.968975481,-0.375389361,-0.64598773,-0.663645729,0.202371727,0.214712674,1.976078429,1.976808632,0.093560236,0.080075113,-6.232907884,-4.286240895,0.324512736,0.075200411,0.318271094,0.387496998,186.2246372,0.244324217,16.38942616,3.341164201,11.33732341,28.15648128,226.8608621,229.0218518,0.78566937,1.484800737,0.577458255,1.823957052,1.246498797,1.647765384,5.740668882,5.011786827,8.00134209,2.989555263,5.466000436,3.138144223,2.046375183,5.677303111,3.630927928,2.912898007,1.411098373,-0.039203456,2.209051904,2.24825536,1.471835329,-4.549242595,-5.727654575,-4.092106825,1.635547749,-4.384733336,0.951219733,0.942652838,0.970159116,0.027506278,0.951966269,14.78958592,11.76150508,16.03392419,4.272419112,14.66975184,45.49952022,44.50324305,50.09046571,5.587222664,44.50324305,9.106582327,8.957127461,11.27171446,2.314587,8.966540603,14.53663172,13.42209443,17.02000644,3.597912011,14.14690636,27.07187463,20.27345437,38.13000274,17.85654837,31.92505553,58.41123541,53.39306254,60.16393233,6.770869782,58.11334716,4.7636985,1.591866884,7.91436052,6.322493636,4.309127176,27.39168931,14.73836489,36.70432307,21.96595818,21.21961723,0,0,0,0,0,14.52268734,13.42209443,16.81291732,3.39082289,14.14690636,0,0,0,0,0,58.40781916,53.39306254,60.16393233,6.770869782,58.11334716,45.48567733,44.50324305,49.88023888,5.376995829,44.50324305,0.013842881,0,0.210226836,0.210226836,0,185.3988693,184.0357283,186.5375949,2.501866588,186.1258918,0.018357535,0,0.224365846,0.224365846,0,3.222599232,2.740530917,3.937383855,1.196852938,3.368825571,5.768513575,5.462214107,5.846173611,0.383959504,5.8440191,7.33074961,5.599544129,7.475945125,1.876400996,7.464495047,3.222599232,2.740530917,3.937383855,1.196852938,3.368825571,5.768513575,5.462214107,5.846173611,0.383959504,5.8440191,6.86480039,5.599544129,7.001625746,1.402081617,6.99091206
162,2,-0.053349852,1.824003285,-0.22974772,-0.029067409,-0.129407564,0.200680311,0.041723982,0.064492841,-0.40122897,0.784367971,0.741620841,0.037038385,1.189777681,0.51544274,296.382705,275.3393995,290.3883133,323.4202647,1.746742388,-0.810941839,-0.610567215,1.421509054,-54.18598906,-7.710244792,50.34061349,1.921583822,-0.307439273,-0.446839542,-0.463587173,0.196931086,0.216692258,1.949264803,1.953242586,0.0385356,0.035159759,-13.52536629,-5.8151215,0.279948491,0.01785262,0.042747131,0.40540971,310.1823435,0.174383312,19.2171452,3.863166355,12.69203819,32.68551057,367.2462852,320.047751,0.774920931,1.338734403,1.196594521,1.495243006,0.298648484,1.495243006,5.53624922,4.285250177,9.102965077,4.8177149,9.102965077,4.062961378,3.328641728,5.346484602,2.017842874,5.346484602,-0.612964646,-1.87165155,1.960134735,3.831786285,1.798146007,-3.449996732,-7.144630609,-1.89927762,5.245352989,-7.144630609,0.932589964,0.912270892,0.940573984,0.028303093,0.915276512,17.9595526,16.81966882,20.51442988,3.694761061,20.3189327,54.0920283,50.20969884,68.09885205,17.88915321,50.20969884,11.75012592,9.77711671,12.19106465,2.413947943,10.43289893,15.43585252,14.54225832,27.11507817,12.57281985,14.9888596,58.4667488,41.13871526,62.26444553,21.12573027,48.36480109,92.40811001,89.52185682,100.9813082,11.45945137,93.70754033,3.186542968,2.142012732,14.81000991,12.66799718,3.943060547,30.54673394,27.40476568,52.34797726,24.94321158,38.01519444,0,0,0,0,0,15.19105359,14.54225832,21.64708863,7.104830318,14.9888596,0,0,0,0,0,92.40807845,89.52185682,100.9813082,11.45945137,93.70754033,53.8161868,50.20969884,62.4018094,12.19211056,50.20969884,0.2758415,0,5.697042653,5.697042653,0,309.5552304,300.2220319,310.8972878,10.67525588,309.0178059,0.57031973,0,8.885917485,8.885917485,0,4.217855638,3.609762759,4.336334375,0.726571616,4.113441154,6.659579756,6.366677352,6.731868374,0.365191022,6.515479474,7.610970992,7.378557588,7.833051244,0.454493656,7.815795549,4.157714847,3.494740953,4.265621703,0.770880751,3.71252893,6.278431315,6.047665649,6.446225155,0.398559505,6.086300261,7.194174009,6.994299352,7.347217851,0.352918499,7.347217851
171,1,-0.058484924,1.820738506,-0.22798544,-0.028953493,-0.128469466,0.199031948,0.04146231,0.042931367,-0.339048436,0.783696524,0.756439637,0.015618093,1.072823464,0.372822758,294.8509668,263.2146699,299.2784403,322.0597967,1.709909232,-0.796556732,-0.59470058,1.39125804,-54.19391264,-16.14784376,50.88669251,1.933568381,-0.305435956,-0.438140316,-0.450814051,0.195261178,0.209295486,1.944957212,1.953490002,0.038923659,0.033307634,-25.84737787,-9.699534118,0.268340932,0.007108784,0.027256888,0.28912694,805.1979894,0.066921648,21.718476,5.765556802,12.77871075,46.73451451,998.3316501,761.9867174,0.633977924,1.256462056,0.917105374,1.439653634,0.52254826,1.34996075,7.081614293,5.928711248,9.066732681,3.138021433,8.46071703,3.874973793,3.045564239,4.818859949,1.77329571,4.490060952,1.776780876,1.301192451,3.281939385,1.980746934,2.301548522,-5.65175467,-7.38766232,-4.781341982,2.606320338,-6.791609474,0.933172397,0.885278391,0.948612168,0.063333777,0.885278391,17.843407,15.44469949,23.6266298,8.181930314,23.6266298,53.88510594,51.06001933,67.76311666,16.70309733,51.06001933,11.48391415,9.889028508,12.71087927,2.821850758,11.42755425,15.36516202,14.81942305,28.18085501,13.36143196,15.08717464,55.54316002,41.00349138,79.12672769,38.12323631,58.4142395,427.3766042,378.0292092,490.7270405,112.6978313,416.3642654,3.811071594,2.804070379,15.79002257,12.98595219,3.070776066,308.9550039,264.8112567,375.8144632,111.0032065,298.4888336,0,0,0,0,0,15.21504564,14.81942305,21.85731547,7.03789242,15.08717464,0,0,0,0,0,384.002024,365.9178843,422.2889163,56.37103199,392.4897298,53.71622367,51.06001933,63.95602372,12.89600439,51.06001933,0.168882273,0,6.422900483,6.422900483,0,755.2183613,717.9740512,787.2416006,69.2675494,773.3811785,43.94484943,13.85494117,86.2770169,72.42207573,23.87453564,4.3826091,3.903080036,4.930530863,1.027450828,4.550891839,12.32783816,11.9219501,12.39062838,0.468678283,12.28645457,13.06039917,10.42143478,14.30732421,3.885889426,11.97638219,4.241684865,3.903080036,4.921887133,1.018807097,4.546235288,7.895574631,6.937709058,8.04783353,1.110124472,6.937709058,7.421486976,6.938343611,7.451053867,0.512710256,7.270837425
191,93,-0.020929362,1.985676843,-0.233838896,-0.020213185,-0.12702604,0.213625711,0.037782497,0.051232404,-0.348778185,1.564996658,1.425090071,0.198500771,1.585301243,0.004816848,126.0048949,32.9522758,46.5548116,298.5076368,2.000418021,-0.872694385,-0.758937411,1.631631831,-54.07350051,-12.13231809,67.82643887,1.970829734,-0.406778273,-0.665065288,-0.678241898,0.169229601,0.178798727,1.967632767,1.969814863,0.096842307,0.082833951,-21.56431626,-9.431998168,0.270019129,0.015685818,0.139906587,0.020304585,749.6767677,0.085198601,21.0095783,5.193026381,13.5008247,39.94517705,911.2256602,708.4306968,0.641846737,1.225777613,0.512818123,1.879479695,1.366661572,0.800802093,8.608792555,6.069092506,14.60870883,8.539616324,10.86975263,5.411581517,3.482827331,10.56687824,7.084050911,8.648570116,0.95185397,-2.871160591,3.450595664,6.321756255,-2.598759811,-6.363435487,-10.71237288,-4.510505708,6.20186717,-6.049810305,0.971393263,0.941479008,0.989449831,0.047970822,0.955072273,11.01891069,6.903848152,15.9377563,9.033908144,13.91593196,63.87091582,53.65281697,83.39416172,29.74134475,53.65281697,10.6821445,8.838940235,13.87706296,5.038122721,9.635919582,21.50479058,15.85173094,29.27696309,13.42523214,17.51576525,89.35105928,35.44773305,148.4526531,113.0049201,89.493021,248.7121051,223.8757434,311.3011746,87.42543123,290.6788822,8.840849887,2.914936272,19.64836484,16.73342857,7.879845667,135.6299385,46.7272326,264.0393733,217.3121407,201.1858612,0.000481499,0,0.19767598,0.19767598,0,19.5841853,15.85173094,21.30612372,5.454392773,17.36829269,0.581917086,0,4.270883516,4.270883516,0,220.2246764,212.7531206,290.5978609,77.8447403,290.5978609,61.57559816,53.50534441,72.56381902,19.05847461,53.50534441,2.295317658,0.036606663,10.8303427,10.79373603,0.147472556,685.3961675,648.1003769,735.3386556,87.23827875,724.6944617,58.63427487,14.83879504,94.4145384,79.57574335,24.0643204,5.104866198,3.15048651,6.568961012,3.418474501,5.395590925,9.806244529,9.707368668,9.919735731,0.212367063,9.752094009,10.64131812,7.963333311,12.04359516,4.080261848,11.50750524,4.672528094,2.959057246,5.521397853,2.562340607,5.351180969,7.105580044,6.912364788,7.975051574,1.062686786,7.013743315,7.4428594,6.799453124,8.35030872,1.550855597,7.634682982
239,0,-0.060831116,1.791870422,-0.228205058,0.035617942,-0.096293558,0.263823,0.017588677,0.094855467,-0.395881148,0.739631048,0.699661734,0.063534535,1.321859996,0.758158085,334.061183,321.9617428,334.1404687,346.0813921,1.700170635,-0.695995013,-0.6921806,1.388175615,-54.19904501,-12.42897671,53.93712908,1.952589461,-0.317650253,-0.447942076,-0.448196948,0.20410326,0.20502997,1.968383327,1.968745579,0.025056119,0.02444527,-16.84861899,-4.41964228,0.287044045,0.066687035,0.039969313,0.582228948,473.2944602,0.126433208,17.88174603,3.688601414,11.10369802,31.39432383,613.9694586,567.2679448,0.616327451,1.16103777,0.947569062,1.587443142,0.63987408,1.587443142,1.941976296,0.936657331,11.64215786,10.70550053,11.5634389,1.09282988,0.611018641,5.95106485,5.340046209,4.818672499,0.272889152,-0.922590418,4.62215407,5.544744489,4.62215407,-1.365719032,-9.440826569,-0.621587695,8.819238875,-9.440826569,0.959539872,0.926457761,0.963155783,0.036698022,0.936146474,13.76299548,13.11908452,18.85490749,5.735822968,17.49529065,59.83039077,42.4469945,148.2674438,105.8204493,42.4469945,12.19561324,9.558522637,35.13402915,25.57550652,9.699719766,18.30004427,12.41593415,44.11416652,31.69823236,12.41907187,49.16422233,22.25222964,92.18472338,69.93249374,72.36584628,160.4004427,137.6907218,257.9597997,120.2690778,166.9510964,4.586116709,1.405695856,30.55087496,29.1451791,2.710984864,102.4582273,43.38660733,232.3736556,188.9870483,83.68195797,0.23499922,0,15.2356931,15.2356931,0,15.92225698,12.41593415,22.20664762,9.790713471,12.41907187,4.078638665,0,37.37996046,37.37996046,0,134.7073342,80.16226133,257.814195,177.6519337,166.9510964,55.27176331,42.4469945,78.96057189,36.51357739,42.4469945,4.558627466,0,69.30687193,69.30687193,0,384.931772,208.3397722,473.9038814,265.5641092,472.1754858,86.07454815,0,262.5676408,262.5676408,0,6.16302438,2.970937557,7.210427646,4.23949009,3.876149492,11.5049282,5.571851536,12.47336449,6.901512952,7.371098046,6.457650106,5.70999984,13.7133273,8.003327462,13.60879022,4.402113714,2.970937557,4.875295815,1.904358258,3.003700962,7.33750484,5.571851536,8.027351993,2.455500456,5.625855722,5.939702173,5.70999984,7.378234224,1.668234383,7.314713953
253,9,-0.044338975,1.840157782,-0.218292271,-0.054109579,-0.136200925,0.164182692,0.056494232,0.022655437,-0.348938622,0.7809325,0.764973424,0.002050072,1.021587782,0.314130677,317.272652,303.5241081,323.9747237,324.3192241,1.825032699,-0.745201487,-0.744930577,1.490132063,-54.17531311,-11.99893109,48.47539546,1.882529722,-0.306313401,-0.480247451,-0.480254594,0.228840975,0.22886619,1.951895971,1.951907023,0.043899158,0.043877489,-21.39738108,-9.398449993,0.258267128,-0.015514844,0.015959076,0.240655282,459.1106985,0.152664011,21.0606989,4.780370007,13.59045223,38.36958888,515.2044482,433.1046409,0.717592195,1.100700938,1.099512349,1.388622849,0.2891105,1.388622849,6.844312013,6.834569204,9.204394424,2.36982522,9.204394424,2.812044231,2.793457754,7.314403053,4.5209453,7.314403053,2.766596539,-2.162186698,2.786943366,4.949130064,-2.162186698,-5.57864077,-5.58040112,-5.152216355,0.428184765,-5.152216355,0.921943386,0.891148473,0.922070512,0.030922039,0.891148473,19.4609821,19.44533351,23.25167139,3.806337876,23.25167139,70.08970723,63.87653496,70.11535623,6.238821264,63.87653496,15.5446136,11.32923922,15.56201535,4.232776137,11.32923922,19.32842879,19.32727211,19.60862046,0.281348352,19.60862046,95.28549301,61.00873194,95.42699311,34.41826117,61.00873194,134.1746763,134.1390293,142.8097441,8.670714736,142.8097441,3.126562602,3.105290919,8.279381245,5.174090326,8.279381245,23.93994782,23.71588554,78.21643975,54.50055421,78.21643975,0.208320948,0,0.209180931,0.209180931,0,18.46204564,18.46126306,18.6516177,0.190354647,18.6516177,0.99340088,0,0.997501802,0.997501802,0,129.6961006,129.6426295,142.6488472,13.00621774,142.6488472,67.52654996,62.9195322,67.54556849,4.626036287,62.9195322,2.563157266,0.957002759,2.569787736,1.612784977,0.957002759,445.6433976,445.6183918,451.7007642,6.082372424,451.7007642,13.4578891,4.639214576,13.49429404,8.855079463,4.639214576,5.253818878,4.247712001,5.257972252,1.010260251,4.247712001,7.526069097,7.525740513,7.605664838,0.079924325,7.605664838,6.98336117,6.972955611,9.503987301,2.53103169,9.503987301,5.06633284,4.155863792,5.070091406,0.914227614,4.155863792,7.117374709,7.117187335,7.162763869,0.045576534,7.162763869,6.78674299,6.783831984,7.491900441,0.708068457,7.491900441
263,1,-0.062433183,1.788512655,-0.209482278,-0.025668337,-0.117575307,0.183813941,0.037604314,0.06187543,-0.358408466,0.807958239,0.796653138,0.010025033,0.935573202,0.200094535,300.2287452,274.7649685,293.3619613,332.5593368,1.773322155,-0.840115521,-0.601202068,1.441317725,-54.20141726,-10.51096928,52.67636551,1.934063367,-0.300489987,-0.430643553,-0.442488629,0.205823837,0.216689384,1.945893677,1.952273527,0.04105068,0.035513385,-17.0948574,-6.58388812,0.255207462,0.018196756,0.011305101,0.127614962,449.8509045,0.242126757,20.27602302,4.411864444,12.92207081,38.54988865,544.7485044,431.3947102,0.747901089,1.098159444,1.012858306,2.465604809,1.452746503,1.371505754,3.426768073,2.966547052,10.04391393,7.077366875,7.006318984,2.54286913,2.016441777,6.431272321,4.414830544,3.485748584,-0.341472659,-1.187455206,2.556025189,3.743480396,2.18541038,-2.201396471,-7.622353276,-1.854656787,5.767696489,-5.671158964,0.9387989,0.859960409,0.949709806,0.089749398,0.891276295,16.86563937,15.2474568,26.63834289,11.39088608,22.84569632,108.9194834,56.16612585,122.4032676,66.23714177,56.16612585,14.31819043,9.949690978,18.03139624,8.081705265,11.12737962,42.39417938,15.3925788,44.42898382,29.03640502,17.49903077,67.4423035,46.84066542,84.95324411,38.11257868,57.83216795,169.0498232,133.2258904,203.2039899,69.97809951,175.3019066,24.58578538,1.843929906,27.79491619,25.95098629,6.371651155,75.3353773,50.09010679,121.0844975,70.99439072,104.5083339,0.022765397,0,2.326091952,2.326091952,0,22.39017169,15.3925788,22.44302208,7.050443276,17.49903077,0.033735244,0,2.317844567,2.317844567,0,123.4189316,116.9356653,188.7097945,71.77412928,175.3019066,72.36112424,56.16612585,80.33489061,24.16876476,56.16612585,36.55835918,0,43.67174885,43.67174885,0,370.2906961,355.7018164,449.8828949,94.18107849,448.7380122,77.31538045,0,88.71164422,88.71164422,0,4.891220446,3.798932755,5.014300858,1.215368102,4.391538917,6.791148353,6.373849717,8.077272963,1.703423246,7.299905,7.798463937,7.603349189,9.922897662,2.319548473,9.30732177,4.83583792,3.798932755,4.931214252,1.132281496,4.391538917,6.396036853,6.087994562,7.603445934,1.515451372,6.98513607,7.342640204,6.969465531,8.406533557,1.437068027,7.544159747
327,6,-0.054417865,1.817123296,-0.228504394,-0.049092063,-0.138798229,0.179412331,0.053694789,0.028505558,-0.351810119,0.789166775,0.812351924,0.003309519,0.963237443,0.237730872,320.6771441,281.3688571,319.3394842,361.323097,1.809755985,-0.954658412,-0.499432482,1.454090341,-54.18862739,-13.38482086,51.30987058,1.9319773,-0.309392655,-0.44357318,-0.461963066,0.1998172,0.210371128,1.947168843,1.953979119,0.041113681,0.035177524,-25.04024787,-11.65542701,0.266173427,-0.010083809,-0.023185149,0.174070668,618.0337399,0.160583763,21.44254302,4.857758239,13.34264335,41.71104321,722.7471486,555.2238998,0.70147017,3.354584596,1.83918398,3.851507327,2.012323347,2.180856032,18.52428618,16.78125237,21.13943028,4.358177909,21.13943028,11.41760984,9.262508535,14.48663812,5.224129588,13.06735674,2.831851542,-1.909815478,4.112867603,6.022683081,3.232124062,-14.24946138,-16.2994808,-11.57582068,4.723660124,-16.2994808,0.935323284,0.884110023,0.946682661,0.062572638,0.90458565,17.43791384,15.84102312,23.93358361,8.092560484,21.59550549,99.24659754,54.09105102,117.5973357,63.50628472,54.09105102,12.47596013,9.821044706,15.30995233,5.488907627,11.02697277,40.41110493,15.65614677,44.63711884,28.98097207,16.50228364,60.19982013,45.16450567,90.69304069,45.52853503,77.04423543,261.8828015,229.199962,324.4153843,95.21542228,289.3867709,23.58148702,2.535272882,27.96749046,25.43221758,5.475310866,165.9879865,138.3414659,256.7442952,118.4028293,198.510672,0.000189876,0,2.08762569,2.08762569,0,22.07677339,15.65614677,22.36562513,6.709478358,16.50228364,0.000241418,0,2.237733294,2.237733294,0,162.5847374,133.986557,279.6424876,145.6559306,279.6424876,68.59818823,54.09105102,75.71408384,21.62303283,54.09105102,30.64840932,0,51.0098159,51.0098159,0,447.988655,432.2196153,612.4045217,180.1849065,606.3062566,169.3958707,0,183.6770994,183.6770994,9.994214218,4.599757569,3.927369076,4.992480396,1.065111321,4.338663556,8.304761032,7.735574686,10.91994915,3.18437446,10.51960342,7.616406828,6.7703834,10.78593473,4.015551334,10.78593473,4.42688566,3.850943126,4.910248527,1.059305401,4.104780708,7.169716316,6.524046906,7.903740277,1.379693371,7.825551818,7.201824117,6.7703834,8.17144646,1.40106306,7.405053131
370,1,-0.047728206,1.824266009,-0.218676062,-0.025189537,-0.1219328,0.193486525,0.038428725,0.055906787,-0.334437527,0.757034939,0.733412874,0.021671422,0.889382347,0.126664419,286.079632,237.6222478,281.16352,339.453136,1.726558301,-0.852940699,-0.545511046,1.398451781,-54.1918997,-9.207369187,54.83973451,1.935834568,-0.324226472,-0.428134613,-0.449813116,0.182776371,0.201217127,1.930448191,1.947024697,0.063875323,0.045968767,-21.02364135,-11.81627217,0.261157494,0.015988114,0.023622065,0.132347408,621.617471,0.168277567,20.89968866,5.081167337,12.69895778,40.38993468,743.8294417,584.1661674,0.679788432,2.411888486,0.553916716,2.613989937,2.06007322,2.242892378,10.41966512,6.129663071,15.05863595,8.928972882,15.05863595,7.869963933,2.73760392,10.84390753,8.106303609,10.84390753,-1.564176714,-3.32579931,2.259631347,5.585430656,-0.403138117,-6.305787219,-10.44076941,-4.258132252,6.18263716,-10.44076941,0.954440117,0.947642769,0.966747967,0.019105198,0.955576998,13.88311291,11.89377208,14.87105187,2.977279783,13.71822212,104.610358,79.12477892,135.4111838,56.28640489,79.12477892,14.29674953,12.0216281,17.12982643,5.108198332,12.02581172,39.30786265,32.95331795,44.2218947,11.26857675,32.95331795,64.12008417,53.15702403,71.35405966,18.19703562,61.48017406,260.4854032,242.645561,275.4769644,32.83140337,262.8399591,21.92002546,17.17689214,25.50124729,8.324355145,17.17689214,195.6470568,143.4774417,209.1097887,65.63234697,201.3597851,0.298229789,0,1.101337601,1.101337601,0,21.34819445,20.95365385,22.18468363,1.231029778,21.01954584,0.324836528,0,1.842787252,1.842787252,0,212.0887735,152.4676524,264.2862585,111.8186061,262.8399591,70.138799,65.19123711,79.55046212,14.359225,65.19123711,34.47155898,13.93354181,55.86072169,41.92717988,13.93354181,500.8356287,426.0867538,571.5413577,145.4546039,571.5413577,117.4249544,43.55684963,194.0397231,150.4828735,43.55684963,4.60539812,4.034683882,4.623426363,0.588742481,4.608900233,9.979275425,7.623649058,11.09564596,3.471996904,11.00057643,8.392398512,7.470129801,9.373823646,1.903693845,9.103540088,4.481487673,4.034683882,4.614327793,0.579643912,4.386109429,7.344243445,6.93656359,7.857175445,0.920611855,7.296258046,7.420148785,7.26573698,7.506514416,0.240777436,7.485315863
401,69,-0.043647347,1.877424306,-0.238563551,-0.044413199,-0.141488375,0.194150353,0.051566638,0.046849385,-0.371183963,0.746677982,0.723994166,0.013630596,1.072467033,0.434838803,300.9604496,234.6071983,311.0881973,357.185895,1.685857528,-0.702651273,-0.673741051,1.37639205,-54.1755513,-6.416508601,55.78013927,1.931999924,-0.34087002,-0.450509371,-0.462100262,0.164995594,0.182081729,1.953996545,1.959777183,0.033009478,0.029801677,-17.8885253,-11.4720167,0.290450628,0.003553633,0.022683816,0.32578905,360.6264475,0.138823863,19.78197532,4.054789022,12.61094644,35.23281521,413.2433045,355.7610725,0.754208764,6.02935278,3.641602825,7.144243107,3.502640283,7.144243107,23.27394843,19.74131325,30.77196326,11.03065001,19.74131325,15.72206555,13.61237556,21.35033404,7.737958475,13.61237556,0.738875197,-8.920058822,4.536382373,13.4564412,0.669582953,-16.46094075,-22.14596859,-11.07787319,11.0680954,-14.28195851,0.963061819,0.962383102,0.963774538,0.001391436,0.963678185,12.57870537,12.4480945,12.70308508,0.254990579,12.47003343,50.0624225,43.75332941,60.84864099,17.09531158,43.75332941,9.850865807,9.679847577,10.06160278,0.381755199,9.704949289,17.5437627,12.12203495,26.84000524,14.7179703,12.12203495,32.56025464,29.06063184,35.63205955,6.571427706,30.55849992,199.5125955,185.7222512,209.821258,24.0990068,207.3680974,7.480474726,2.396167563,16.224073,13.82790544,2.396167563,166.1399877,147.7334653,180.7606262,33.02716085,176.8095974,0,0,0,0,0,14.47041405,12.12203495,17.96445835,5.8424234,12.12203495,0,0,0,0,0,180.462606,136.3826372,207.3680974,70.98546011,207.3680974,46.65507279,43.75332941,51.00354048,7.250211065,43.75332941,3.407349714,0,9.845100513,9.845100513,0,335.8522668,295.8018006,360.6755605,64.8737599,360.5612351,23.55103804,0,62.55118176,62.55118176,0,3.2824286,3.163647423,3.3959069,0.232259477,3.163647423,8.063926946,6.736932723,11.17133647,4.43440375,7.613002314,8.789369289,6.944606186,11.1934636,4.248857418,11.1934636,3.270509547,3.163647423,3.37987786,0.216230438,3.163647423,6.926091713,6.580245395,7.681591984,1.101346589,6.818917751,6.947820349,6.940492113,6.966190419,0.025698306,6.947528693
498,35,-0.0364101,1.921929345,-0.23809,-0.01156,-0.124825,0.22653,0.034391208,0.07732,-0.38122,1.45808,1.34751,0.14282,1.48412,-0.01277,140.134,43.7184,81.5321,295.1516,2.124378022,-1.039418,-0.682871,1.722289,-54.104353,-6.74,64.83,1.95609,-0.37358,-0.60773,-0.61728,0.16353,0.190476667,1.94482,1.955543333,0.15438,0.09862,-13.3318152,-6.591815196,0.284114,0.0330028,0.11057,0.02604,339.4867349,0.144842659,19.79,4.03,12.92,33.24,395.10343,326.41456,0.797729,1.656251594,1.656251594,1.656251594,0,1.656251594,11.21641587,11.21641587,11.21641587,0,11.21641587,8.061089322,8.061089322,8.061089322,0,8.061089322,-0.266488107,-0.266488107,-0.266488107,0,-0.266488107,-7.794601215,-7.794601215,-7.794601215,0,-7.794601215,0.92811064,0.92811064,0.92811064,0,0.92811064,17.75880058,17.75880058,17.75880058,0,17.75880058,49.17216143,49.17216143,49.17216143,0,49.17216143,9.678801673,9.678801673,9.678801673,0,9.678801673,15.26079481,15.26079481,15.26079481,0,15.26079481,27.49246901,27.49246901,27.49246901,0,27.49246901,167.3360815,167.3360815,167.3360815,0,167.3360815,5.581993141,5.581993141,5.581993141,0,5.581993141,139.8436125,139.8436125,139.8436125,0,139.8436125,0,0,0,0,0,15.26079481,15.26079481,15.26079481,0,15.26079481,0,0,0,0,0,167.2479749,167.2479749,167.2479749,0,167.2479749,49.17216143,49.17216143,49.17216143,0,49.17216143,0,0,0,0,0,336.0273986,336.0273986,336.0273986,0,336.0273986,0.078777663,0.078777663,0.078777663,0,0.078777663,3.1421287,3.1421287,3.1421287,0,3.1421287,7.247083566,7.247083566,7.247083566,0,7.247083566,9.767873153,9.767873153,9.767873153,0,9.767873153,3.1421287,3.1421287,3.1421287,0,3.1421287,6.810818288,6.810818288,6.810818288,0,6.810818288,7.38109522,7.38109522,7.38109522,0,7.38109522
640,90,-0.041974191,1.849156301,-0.242927555,-0.023004463,-0.132966009,0.219923093,0.040214427,0.084482561,-0.390364681,1.434468776,1.355572651,0.090582639,1.512756832,0.03495776,111.4240856,-6.238629554,70.61205205,269.8988127,2.05258603,-1.015632943,-0.646328112,1.661961055,-54.11864689,-4.728799242,62.74491179,1.961883607,-0.361371902,-0.613486056,-0.628885938,0.193977548,0.214355958,1.971443543,1.97285191,0.115587644,0.087798697,-10.9678764,-6.239077156,0.29567913,0.031331293,0.078896124,0.078288056,260.8574823,0.187667546,18.27526061,3.701664823,11.79370148,31.80977184,309.4137504,281.3952007,0.78623077,0.911265707,0.465854169,2.837440251,2.371586083,2.753252542,6.730989881,5.634250016,11.38237226,5.74812224,11.38237226,5.017450385,4.360404948,6.664195078,2.303790129,6.664195078,-0.699893356,-1.176367517,2.330118645,3.506486161,2.277766725,-4.317557029,-8.941961803,-3.284003458,5.657958345,-8.941961803,0.949024206,0.917783249,0.967112234,0.049328985,0.929620356,15.01489708,12.31586233,18.84063844,6.524776112,18.21246358,48.954622,42.29220061,68.4230825,26.13088189,42.29220061,9.371957167,8.858812423,10.55317796,1.69436554,9.187226485,16.27663898,12.70669565,24.05999067,11.35329502,12.70669565,32.01219431,22.75547432,44.25016932,21.494695,42.901381,111.1430681,94.5407994,114.2472757,19.70647633,96.14388104,6.892392814,2.661827346,13.54864889,10.88682155,2.661827346,78.95732592,50.2592642,88.35276316,38.09349896,53.24250003,8.82E-07,0,0.006275428,0.006275428,0,16.12366861,12.70669565,19.80838825,7.101692604,12.70669565,4.54E-06,0,0.032313592,0.032313592,0,110.9209109,89.110888,114.2472757,25.13638773,96.14388104,48.80041971,42.29220061,60.81203433,18.51983372,42.29220061,0.154202289,0,7.611048171,7.611048171,0,260.4174214,229.251385,261.0138911,31.76250614,258.480819,0.400481195,0,26.3532979,26.3532979,0,3.355919856,2.619181035,3.614619817,0.995438781,3.614619817,6.528511239,6.274057414,6.784772932,0.510715519,6.521994769,8.147504027,7.542940391,9.150471369,1.607530978,7.938840387,3.355887048,2.619181035,3.600861602,0.981680567,3.491984862,5.748645435,5.207648997,6.784772932,1.577123935,5.504720582,7.167615042,6.988325969,7.626632552,0.638306584,7.003901102
648,4,-0.043074715,1.791689421,-0.228438431,0.032624243,-0.097907094,0.261062673,0.018359735,0.106362558,-0.408652864,1.452857251,1.450420403,0.013415787,1.567054255,0.074706638,126.0042003,23.69039126,126.3203818,228.0018777,2.099559645,-1.007117328,-0.697759372,1.704877189,-54.12789798,-4.659686756,61.94964448,1.962522033,-0.352941727,-0.588215979,-0.624472509,0.208664593,0.228692124,1.970572699,1.973575528,0.094316774,0.084977627,-9.150425884,-4.490739128,0.278883802,0.070477436,0.002436848,0.114197004,327.83355,0.248653503,18.25486027,3.574671503,13.0249398,33.50516698,410.6288023,337.6905252,0.791171053,0.638905986,0.578351512,1.406168954,0.827817442,1.293307681,3.529163095,2.62933998,6.373851612,3.744511632,4.879088256,1.986495545,1.618572063,4.130423477,2.511851414,3.100656982,0.798741508,0.220205914,1.096140718,0.875934805,0.615819184,-2.785237052,-4.807053019,-2.030712543,2.776340477,-3.716476166,0.965686942,0.899569925,0.965863154,0.066293229,0.900193127,12.49122715,12.45050362,21.67065902,9.220155401,21.67065902,81.51711906,62.09640524,86.67516462,24.57875938,62.09640524,16.98298886,10.4046595,19.26451783,8.859858328,10.4046595,23.7084962,21.53831455,28.42873441,6.890419864,22.21501486,64.27352864,57.38334141,70.14149552,12.75815411,67.56768221,104.4732633,94.90046671,110.971651,16.07118425,103.5939128,6.062388453,4.437773449,14.45963185,10.0218584,11.42650835,33.23810544,23.50982238,50.92043336,27.41061097,35.92756001,0.320530753,0,0.572109846,0.572109846,0,21.30390079,20.12738917,21.79246938,1.66508021,20.92436852,0.350766445,0,0.618698564,0.618698564,0,101.1688187,89.72711,110.8914607,21.16435075,103.5939128,76.45341139,60.57147625,78.6039184,18.03244215,60.57147625,5.063707664,1.524928986,9.431968174,7.907039188,1.524928986,318.1555949,312.1899975,323.6107687,11.42077114,323.6107687,6.664717513,1.693641116,12.32608788,10.63244677,1.693641116,4.2875298,4.113047315,4.623361218,0.510313904,4.454224976,5.858692904,5.832409361,5.914554653,0.082145291,5.884808905,7.79154359,7.719337137,7.966013598,0.246676461,7.760264634,4.2875298,4.113047315,4.623361218,0.510313904,4.454224976,5.858692904,5.832409361,5.914554653,0.082145291,5.884808905,7.302871294,7.244185794,7.541463294,0.2972775,7.423169215
723,96,-0.048350121,1.826684195,-0.219012182,-0.025653023,-0.122332603,0.193359159,0.038700478,0.064574223,-0.357908244,0.740102795,0.715922194,0.018416977,0.888078182,0.153119198,297.1171845,247.6008377,295.3600609,348.3907551,1.737491355,-0.860377563,-0.546668854,1.407046418,-54.1898815,-3.995418945,55.0137851,1.939469825,-0.327178898,-0.427536728,-0.453005522,0.178145859,0.198386616,1.932089291,1.9515927,0.06668115,0.043874713,-12.68898678,-8.693567835,0.268435364,0.019526503,0.024180601,0.147975388,360.0879495,0.22742077,19.51047006,4.209029399,13.2814346,35.55945853,420.9023013,351.8712451,0.771889903,2.362587552,0.753420528,2.364523931,1.611103403,2.293573271,8.661456053,7.231553353,8.688933166,1.457379813,7.444884178,6.770258642,5.313513281,6.799198454,1.485685172,5.453070723,-1.620223125,-1.645474069,-0.366626353,1.278847716,-0.400344273,-5.150035517,-5.153724385,-4.102348895,1.05137549,-5.05272645,0.955693818,0.949019584,0.958109409,0.009089824,0.958109409,13.69300034,13.30693295,14.64264793,1.335714978,13.30693295,81.89135271,73.1662601,88.08190638,14.91564628,73.1662601,9.996246702,9.713316526,10.05114373,0.337827203,9.713316526,36.75672561,31.78085883,39.90335438,8.122495547,31.78085883,29.45014176,28.63539724,29.71182816,1.076430928,28.63539724,194.5595238,191.4075887,196.2586289,4.851040187,196.1559758,25.86024581,19.68183379,27.94134284,8.259509056,19.68183379,131.4740624,125.0451867,137.0985282,12.05334154,137.0985282,0,0,0,0,0,21.03526449,20.875211,21.68160349,0.806392489,20.93691937,0,0,0,0,0,150.8477233,145.7321304,156.547349,10.8152186,156.547349,61.25825011,60.61958787,62.0639822,1.444394328,60.61958787,20.6331026,12.54667224,26.01792418,13.47125195,12.54667224,303.1288823,300.9796393,312.7941679,11.81452865,312.7941679,56.86594798,42.9395014,59.33643459,16.39693319,42.9395014,3.187469182,3.165843263,3.190061956,0.024218693,3.190061956,7.795596617,6.672691054,7.797715643,1.125024589,7.797715643,7.734848372,7.61674677,7.776298033,0.159551263,7.776298033,3.187469182,3.165843263,3.190061956,0.024218693,3.190061956,6.96394354,6.672691054,6.96491299,0.292221936,6.923058059,7.469740416,7.358288478,7.507263117,0.148974639,7.507263117
724,95,-0.0505026,1.912885057,-0.20717,-0.0726,-0.139885,0.13457,0.072704961,0.01723,-0.33373,0.74557,0.7665,0,0.72774,0.00159,300.0798,244.6788,299.9935,355.5671,1.765628949,-0.89493,-0.531335,1.426264,-54.182633,-8.34,55.15,1.93701,-0.33254,-0.43478,-0.460366667,0.17099,0.189893333,1.93285,1.95154,0.06694,0.043996667,-16.44470142,-8.104701424,0.2524471,-0.0275966,-0.02093,-0.01783,408.5475334,0.197820664,20.49,4.53,13.7,40.07,470.19917,383.40688,0.762685,0.828200435,0.828200435,0.828200435,0,0.828200435,5.594022244,5.594022244,5.594022244,0,5.594022244,2.956135441,2.956135441,2.956135441,0,2.956135441,1.537307857,1.537307857,1.537307857,0,1.537307857,-4.493443298,-4.493443298,-4.493443298,0,-4.493443298,0.951011155,0.951011155,0.951011155,0,0.951011155,14.38841007,14.38841007,14.38841007,0,14.38841007,80.81914446,80.81914446,80.81914446,0,80.81914446,9.658929484,9.658929484,9.658929484,0,9.658929484,36.72380423,36.72380423,36.72380423,0,36.72380423,28.81306103,28.81306103,28.81306103,0,28.81306103,234.7292441,234.7292441,234.7292441,0,234.7292441,27.06487474,27.06487474,27.06487474,0,27.06487474,172.9520832,172.9520832,172.9520832,0,172.9520832,0,0,0,0,0,20.831283,20.831283,20.831283,0,20.831283,0,0,0,0,0,167.3388973,167.3388973,167.3388973,0,167.3388973,60.87583451,60.87583451,60.87583451,0,60.87583451,19.94330995,19.94330995,19.94330995,0,19.94330995,324.402699,324.402699,324.402699,0,324.402699,80.22055646,80.22055646,80.22055646,0,80.22055646,3.17506766,3.17506766,3.17506766,0,3.17506766,8.75793879,8.75793879,8.75793879,0,8.75793879,7.683450625,7.683450625,7.683450625,0,7.683450625,3.17506766,3.17506766,3.17506766,0,3.17506766,7.915499177,7.915499177,7.915499177,0,7.915499177,7.427660674,7.427660674,7.427660674,0,7.427660674
785,23,-0.0326346,1.917113328,-0.21907,-0.05533,-0.1372,0.16374,0.057480884,0.03111,-0.36086,1.45923,1.43297,0.01426,1.49535,0.02586,98.3536,-40.6616,83.3239,252.3985,2.186102067,-1.149825,-0.607436,1.757261,-54.099166,-7.97,64.32,1.95688,-0.37698,-0.6285,-0.6285,0.2222,0.2222,1.98076,1.98076,0.08576,0.08576,-15.88226469,-7.912264686,0.2626365,-0.0120436,0.02626,0.03612,378.9690908,0.122121398,20.34,4.59,12.75,36.35,429.04997,365.77373,0.752102,1.757895131,1.757895131,1.757895131,0,1.757895131,15.04762442,15.04762442,15.04762442,0,15.04762442,10.08848556,10.08848556,10.08848556,0,10.08848556,1.028840837,1.028840837,1.028840837,0,1.028840837,-11.1173264,-11.1173264,-11.1173264,0,-11.1173264,0.929532464,0.929532464,0.929532464,0,0.929532464,17.38362356,17.38362356,17.38362356,0,17.38362356,46.28023506,46.28023506,46.28023506,0,46.28023506,9.060672022,9.060672022,9.060672022,0,9.060672022,15.78060943,15.78060943,15.78060943,0,15.78060943,24.32102513,24.32102513,24.32102513,0,24.32102513,206.6852797,206.6852797,206.6852797,0,206.6852797,6.719937405,6.719937405,6.719937405,0,6.719937405,182.3642546,182.3642546,182.3642546,0,182.3642546,0,0,0,0,0,15.78060943,15.78060943,15.78060943,0,15.78060943,0,0,0,0,0,206.6852797,206.6852797,206.6852797,0,206.6852797,46.28023506,46.28023506,46.28023506,0,46.28023506,0,0,0,0,0,375.1955144,375.1955144,375.1955144,0,375.1955144,0,0,0,0,0,3.046605715,3.046605715,3.046605715,0,3.046605715,9.178994976,9.178994976,9.178994976,0,9.178994976,11.88567795,11.88567795,11.88567795,0,11.88567795,3.046605715,3.046605715,3.046605715,0,3.046605715,6.766797485,6.766797485,6.766797485,0,6.766797485,7.127721061,7.127721061,7.127721061,0,7.127721061
1057,48,-0.049243396,1.826522704,-0.218646212,-0.024829476,-0.121737844,0.193816737,0.0382346,0.0643365,-0.354597252,0.746709903,0.722396205,0.020524119,0.903552069,0.16287874,280.9813432,233.6765199,272.4712921,336.7963171,1.712577819,-0.835542197,-0.55324033,1.388782527,-54.19260153,-4.705216606,55.03266427,1.94020228,-0.325296135,-0.426774927,-0.448847468,0.181984535,0.199899165,1.93084997,1.948190431,0.062315615,0.044946146,-13.49867874,-8.793462131,0.267129732,0.01982712,0.024313699,0.156842165,377.7067954,0.229085332,19.56045994,4.26852287,13.11118523,36.09323015,444.231604,370.3115918,0.760310483,2.237167447,2.026689313,2.241340786,0.214651473,2.026689313,9.279840801,6.973408386,9.296612977,2.32320459,8.65536066,7.235159907,5.371598025,7.252571231,1.880973206,6.53282075,-1.670622303,-1.686269037,-0.932031687,0.75423735,-0.932031687,-5.564537604,-5.600789063,-4.320933061,1.279856002,-5.600789063,0.955461455,0.949808112,0.957851304,0.008043192,0.957851304,13.751969,13.36772481,14.6161528,1.248427989,13.36772481,86.5269323,77.56742689,92.55314878,14.98572189,77.56742689,11.99164987,11.9546902,12.00593953,0.051249328,11.9546902,37.06585624,32.20445022,40.09161722,7.887166999,32.20445022,35.70551972,35.62407643,36.34972573,0.725649295,35.62407643,193.063087,193.00202,195.9709859,2.968965908,195.9709859,22.12000623,16.5828183,23.95226249,7.369444195,16.5828183,124.9542017,124.8964581,127.7874011,2.890943047,127.7874011,0,0,0,0,0,21.08643677,20.97248013,21.65545587,0.682975739,20.97248013,0,0,0,0,0,149.4356399,149.3151881,155.3543935,6.039205391,155.3543935,65.2811163,64.50930728,65.98403284,1.474725563,64.50930728,21.245816,13.05811961,26.56911594,13.51099633,13.05811961,316.1459706,315.8827529,329.3646347,13.4818818,329.3646347,57.07466282,44.16493909,57.32984774,13.16490865,44.16493909,3.434006575,3.427736873,3.46462524,0.036888367,3.427736873,7.799712577,7.252949186,7.802591273,0.549642087,7.802591273,7.725169897,7.648832099,7.766567557,0.117735458,7.766567557,3.434006575,3.427736873,3.46462524,0.036888367,3.427736873,6.919468238,6.869942487,6.92017663,0.050234143,6.888214812,7.455437539,7.398616285,7.493375027,0.094758742,7.493375027
1058,16,-0.049495012,1.825124217,-0.217069142,-0.024152988,-0.120611065,0.192916154,0.037705491,0.063587491,-0.34833191,0.745309017,0.720121734,0.020655116,0.917864209,0.176409374,295.4617439,250.9748398,298.8926363,336.5177554,1.719513454,-0.838983186,-0.55541471,1.394397896,-54.19273227,-5.334554187,54.78415449,1.937458446,-0.324068056,-0.426855066,-0.448863744,0.181801092,0.201287001,1.930167977,1.947795282,0.06364327,0.047080001,-14.06884017,-8.734285984,0.264654234,0.019784072,0.025187283,0.172555192,412.6147451,0.223418004,19.81504133,4.25805351,13.02504314,36.09763958,488.1730364,394.2173871,0.760567499,2.251053976,0.909863342,2.306077279,1.396213938,1.716792359,9.205434449,6.644015225,11.21883173,4.574816507,9.858490486,7.044472472,4.930311991,8.475896511,3.54558452,7.332430273,-1.253302308,-1.391762399,-0.23232247,1.159439929,-0.790190616,-5.791170164,-7.246349237,-4.424872023,2.821477214,-6.542239657,0.957619182,0.915888946,0.960213082,0.044324136,0.941395572,13.41108513,12.99487637,18.3742804,5.379404026,15.55305349,92.18598947,78.29956015,94.12618938,15.82662923,78.29956015,13.59261246,10.99454973,15.04324665,4.048696917,13.02569657,37.5205438,30.4473304,38.75181335,8.304482957,30.4473304,48.34333607,45.65588571,64.85571537,19.19982966,62.00605421,195.0101199,190.8706759,196.0607945,5.1901186,193.3173388,19.80678921,15.53168412,24.1781779,8.646493779,15.53168412,124.7497321,122.5682057,129.3313384,6.763132714,126.6726329,0,0,0,0,0,21.39865259,20.50914437,21.45359627,0.944451903,20.50914437,0,0,0,0,0,149.4920272,144.666516,156.5929432,11.92642715,156.5929432,71.1191156,64.08466999,73.03343021,8.948760224,66.70989067,21.06687386,11.58966948,23.01304011,11.42337064,11.58966948,353.6147453,350.8203379,369.3911866,18.57084873,369.3911866,58.90691105,39.31722575,61.77187579,22.45465004,39.31722575,3.971209348,3.70365836,4.333847784,0.630189424,4.333847784,7.772608907,6.659998578,7.860845131,1.200846553,7.7785304,7.636464251,7.503249372,8.018671282,0.51542191,7.934127504,3.971209339,3.684901291,4.333847784,0.648946493,4.333847784,6.963678027,6.659998578,7.030813925,0.370815347,6.872044545,7.382755479,7.259550291,7.742546112,0.48299582,7.650512146
2062,43,-0.03202,1.921698,-0.21851,-0.05723,-0.13787,0.161274,0.058936,0.012822,-0.32138,1.490605,1.476148,0.009321,1.507334,0.00895,101.6226,-49.2798,107.0058,247.142,2.236024,-1.20978,-0.57919,1.788965,-54.0982,-15.3106,64.43588,1.952398,-0.37477,-0.62846,-0.62846,0.228286,0.228286,1.97881,1.97881,0.083498,0.083498,-28.9765,-13.666,0.25386,-0.0212,0.014457,0.016728,686.0298,0.098644,22.44001,5.153231,13.87392,42.30438,773.6675,585.385,0.696248,1.101759,0.819822,1.621382,0.80156,0.819822,18.52224,10.30772,25.29134,14.98362,10.30772,11.80347,5.389481,13.31683,7.927352,5.389481,2.005505,-5.1852,7.009885,12.19509,2.903445,-13.809,-20.3267,-6.89038,13.43634,-8.29293,0.934111,0.902978,0.945084,0.042106,0.94262,17.15729,15.82038,20.9698,5.14942,16.27631,67.67568,52.39355,112.6784,60.2849,52.39355,9.790584,9.596175,11.21105,1.614877,10.03546,29.34313,17.19363,44.79505,27.60142,17.19363,65.29958,47.977,127.3912,79.41422,88.41405,281.8929,217.7267,301.5603,83.83354,217.7267,18.11868,6.923889,31.42839,24.5045,6.923889,203.7718,117.7538,250.1787,132.4249,120.9223,1.85E-06,0,0.335735,0.335735,0,21.63441,16.98968,22.42733,5.437658,16.98968,8.95E-06,0,0.382904,0.382904,0,266.8845,210.017,285.8831,75.86611,217.7267,58.58874,52.18541,66.80507,14.61966,52.18541,9.086931,0.208135,45.87338,45.66524,0.208135,660.3509,573.6722,687.1328,113.4606,687.1328,22.55427,1.014771,101.7931,100.7783,1.014771,4.050071,3.895026,5.576518,1.681493,4.521259,9.895249,9.133336,10.05502,0.921687,9.277223,11.39273,10.18925,11.77378,1.584526,11.76236,3.994775,3.895026,4.273905,0.37888,4.117262,7.507498,6.829556,7.849224,1.019668,7.677253,7.820271,7.217323,8.209578,0.992255,7.88289
2063,70,-0.03403,1.913269,-0.21781,-0.05445,-0.13613,0.163367,0.056718,0.03079,-0.35532,1.467356,1.441484,0.0154,1.503934,0.027364,100.8792,-38.064,90.12013,250.5815,2.181242,-1.15238,-0.59978,1.752164,-54.1011,-10.0643,64.02967,1.955929,-0.37365,-0.6321,-0.6321,0.234315,0.234315,1.980945,1.980945,0.080964,0.080964,-18.0971,-8.03275,0.260619,-0.01176,0.025873,0.036577,419.7746,0.111408,20.5827,4.647026,12.92948,37.07483,481.1096,403.9344,0.735099,2.132529,2.06329,2.199012,0.135722,2.199012,14.85395,14.55133,15.0144,0.463067,15.0144,9.557197,8.988103,9.788357,0.800254,9.363283,1.687551,1.398363,2.235071,0.836707,2.171295,-11.2447,-11.5346,-11.1867,0.347857,-11.5346,0.931005,0.92847,0.936122,0.007652,0.936122,17.20713,16.60095,17.4824,0.881446,16.60095,46.76628,46.55112,48.11266,1.561536,46.55112,9.367378,9.280312,9.641149,0.360837,9.641149,16.08058,15.98038,17.62663,1.646254,15.98038,33.92807,25.38037,50.02763,24.64726,50.02763,206.43,204.863,208.1491,3.286093,204.863,6.713179,6.195939,7.987574,1.791635,6.195939,172.502,154.8354,182.7687,27.93335,154.8354,0,0,0,0,0,16.08058,15.98038,17.62663,1.646254,15.98038,0,0,0,0,0,206.43,204.863,208.1491,3.286093,204.863,46.76628,46.55112,48.11266,1.561536,46.55112,0,0,0,0,0,417.5641,416.8712,419.3761,2.504925,416.8712,0,0,0,0,0,3.587899,3.182434,3.951676,0.769242,3.951676,9.167698,9.113807,9.219495,0.105688,9.113807,11.90065,11.85039,11.94927,0.098876,11.94927,3.587866,3.182434,3.776303,0.593869,3.73651,6.764288,6.744097,6.784703,0.040606,6.744097,7.147667,7.118248,7.186439,0.06819,7.186439
2064,61,-0.03015,1.9519,-0.22035,-0.05757,-0.13896,0.162781,0.059324,0.025872,-0.34364,1.477565,1.448426,0.023396,1.513355,0.013149,102.1615,-50.8285,96.16903,261.1439,2.176045,-1.13658,-0.61437,1.750953,-54.0924,-11.4082,64.95732,1.956163,-0.38347,-0.61737,-0.61737,0.203449,0.203449,1.974086,1.974086,0.087399,0.087399,-20.7372,-9.32899,0.259548,-0.01576,0.029139,0.03579,469.0959,0.114021,21.08343,4.704973,13.47944,37.57456,529.9323,438.2752,0.722813,1.976416,0.8939,2.303691,1.409791,1.066464,11.99185,9.791421,18.15885,8.367428,14.66331,8.294663,7.015405,11.45961,4.444208,8.574574,0.263404,-1.64579,2.948996,4.594787,2.948996,-8.55807,-13.8772,-6.3783,7.498891,-11.5236,0.940848,0.91874,0.946929,0.028189,0.923643,16.15613,15.26132,19.1885,3.927181,18.34299,53.49078,47.99761,57.93161,9.934002,47.99761,9.238595,8.910062,9.981068,1.071006,9.769795,22.25554,16.23453,25.06511,8.830573,16.23453,39.21276,26.80241,59.88069,33.07828,59.88069,208.2803,203.9302,216.8912,12.96096,209.3219,12.98917,6.464737,15.54737,9.082636,6.464737,168.887,143.5709,186.6954,43.12451,143.5709,0,0,0,0,0,19.64814,16.23453,20.46835,4.233822,16.23453,0,0,0,0,0,208.2803,203.9302,216.8912,12.96096,209.3219,50.87442,47.99761,52.35903,4.361422,47.99761,2.616365,0,5.57258,5.57258,0,457.1863,449.8448,469.8797,20.03498,469.8797,11.72754,0,17.82918,17.82918,0,3.552139,2.869909,3.905098,1.035188,3.905098,9.177887,9.088685,9.314517,0.225832,9.249968,11.86711,11.65885,11.93746,0.278612,11.78106,3.49383,2.869909,3.882345,1.012436,3.882345,6.977004,6.798083,7.12636,0.328276,6.798148,7.229762,7.160082,7.533315,0.373234,7.533315
2067,12,-0.03016,1.903323,-0.21862,-0.05507,-0.13684,0.163554,0.057249,0.026079,-0.33038,1.480398,1.459799,0.013736,1.50626,0.018023,97.48023,-56.8045,106.5292,242.7161,2.238406,-1.20062,-0.59295,1.793564,-54.099,-12.9148,63.8208,1.952128,-0.37413,-0.63005,-0.63005,0.232636,0.232636,1.979293,1.979293,0.082689,0.082689,-24.509,-11.5942,0.259226,-0.01429,0.020599,0.025862,583.245,0.114968,21.61948,4.847232,13.7786,39.90333,661.6711,521.215,0.704614,1.508586,1.173871,1.6648,0.490929,1.408724,13.04678,12.20854,19.5663,7.357761,19.5663,8.783706,7.087799,11.73562,4.647822,10.05981,0.672357,-0.77622,6.505002,7.281223,5.71813,-9.45606,-15.7779,-8.21842,7.559521,-15.7779,0.933196,0.905147,0.941408,0.036261,0.916002,17.18979,15.99673,20.50598,4.509249,18.98344,67.05459,54.44247,95.48482,41.04234,54.44247,10.00983,9.885891,10.7906,0.904708,10.01035,27.28771,20.72669,44.12672,23.40002,21.79247,50.34602,46.46813,100.9079,54.43973,55.03319,220.7116,206.3465,240.8744,34.52791,221.5232,15.44959,9.840917,31.21293,21.37202,10.94958,169.009,117.2017,176.0991,58.89738,166.49,0,0,0,0,0,21.92172,19.33146,22.33529,3.003838,20.11588,0,0,0,0,0,219.3505,201.347,237.2481,35.90115,211.0832,60.09744,52.78158,62.52,9.738418,52.78158,6.95715,0.871239,35.16331,34.29208,1.660897,561.3207,515.8075,579.473,63.6655,567.2557,18.27731,3.209491,63.41289,60.2034,13.87864,3.751896,3.663463,4.776305,1.112842,4.500296,9.318734,9.100999,9.386593,0.285594,9.269417,11.55875,10.45799,11.93606,1.478072,11.75198,3.731005,3.663463,4.18012,0.516657,4.027727,7.452606,6.76237,7.940839,1.17847,7.826542,7.296159,7.188915,8.338399,1.149484,7.188915