reaction,Catalyst,Solvent,Temperature (K),Nucleophile,Electrophile,ee (%),∆∆G‡ (kcal/mol),Nuc_HOMO,Nuc_LUMO,Nuc_Polarizability,Nuc_dipole,Nuc_NBO (X),Nuc_X-H bond length,Nuc_L(H-X-Large),Nuc_B1(H-X-Large),Nuc_B5(H-X-Large),Nuc_L(H-X-Small),Nuc_B1(H-X-Small),Nuc_B5(H-X-Small),Nuc_L(avg.),Nuc_B1(avg),Nuc_B5(avg),Elec_HOMO,Elec_LUMO,Elec_Polarizability,Elec_NBO (C),Elec_NBO(C+1),Elec_NBO (N),Elec_L(R1),Elec_B1(R1),Elec_B5(R1),Cat_HOMO,Cat_LUMO,Cat_Polarizability,Cat_NBO (NR2),Cat_NBO (C=X),Cat_NMR (C=X),Cat_v(N-H)-Achrial,Cat_i(N-H)-Achiral,Cat_v(N-H)-Chiral,Cat_i(N-H)-Chiral,Cat_NBO (N)-Achrial,Cat_NBO (H)-Achrial,Cat_NBO (N)-Chiral,Cat_NBO (H)-Chiral,Cat_L (N-Chiral),Cat_B1 (N-Chiral,Cat_B5 (N-Chiral),Cat_L (N-Achiral),Cat_B1 (N-Achiral),Cat_B5 (N-Achrial),Cat_MSA (Full),Solv_PEOE1
Rxn1,Thiourea-1,DCM,296,ethyl (E)-4-cyano-3-(trifluoromethyl)but-3-enoate,Nitroalkene-Ph,44,0.56,-0.43242,0.04919,104.627,3.056,-0.55559,1.09337,6.12,2.98,6.4,5.74,2.14,6.52,5.93,2.56,6.46,-0.31278,-0.07498,117.432,-0.11897,-0.12663,0.50321,6.84,1.7,3.35,-0.27598,-0.0245,251.231,-0.46383,0.28078,217.0512,3596.72,15.1597,3436.9,306.9801,-0.58842,0.39484,-0.61293,0.41924,6.69,2,5.52,7.43,2.35,5.11,349.218,0
Rxn2,Thiourea-6,DCM,296,ethyl (E)-4-cyano-3-(trifluoromethyl)but-3-enoate,Nitroalkene-Ph,41,0.51,-0.43242,0.04919,104.627,3.056,-0.55559,1.09337,6.12,2.98,6.4,5.74,2.14,6.52,5.93,2.56,6.46,-0.31278,-0.07498,117.432,-0.11897,-0.12663,0.50321,6.84,1.7,3.35,-0.27335,-0.0313,398.976,-0.45776,0.27572,216.0029,3596.56,16.2408,3437.01,368.9563,-0.58425,0.39598,-0.62359,0.42789,7.77,4.48,7.62,7.43,2.35,5.12,486.089,0
Rxn3,Squaramide-5,DCM,296,ethyl (E)-4-cyano-3-(trifluoromethyl)but-3-enoate,Nitroalkene-Ph,83,1.40,-0.43242,0.04919,104.627,3.056,-0.55559,1.09337,6.12,2.98,6.4,5.74,2.14,6.52,5.93,2.56,6.46,-0.31278,-0.07498,117.432,-0.11897,-0.12663,0.50321,6.84,1.7,3.35,-0.27381,-0.04606,433.915,-0.43782,0.11516,191.3628,3600.96,8.4379,3588.97,24.7035,-0.54327,0.3962,-0.54886,0.39216,6.56,4.31,8.28,7.47,2.44,5.13,509.186,0
Rxn4,Squaramide-5,Toluene,296,ethyl (E)-4-cyano-3-(trifluoromethyl)but-3-enoate,Nitroalkene-Ph,67,0.95,-0.43242,0.04919,104.627,3.056,-0.55559,1.09337,6.12,2.98,6.4,5.74,2.14,6.52,5.93,2.56,6.46,-0.31278,-0.07498,117.432,-0.11897,-0.12663,0.50321,6.84,1.7,3.35,-0.27381,-0.04606,433.915,-0.43782,0.11516,191.3628,3600.96,8.4379,3588.97,24.7035,-0.54327,0.3962,-0.54886,0.39216,6.56,4.31,8.28,7.47,2.44,5.13,509.186,0
Rxn5,Squaramide-5,THF,296,ethyl (E)-4-cyano-3-(trifluoromethyl)but-3-enoate,Nitroalkene-Ph,55,0.73,-0.43242,0.04919,104.627,3.056,-0.55559,1.09337,6.12,2.98,6.4,5.74,2.14,6.52,5.93,2.56,6.46,-0.31278,-0.07498,117.432,-0.11897,-0.12663,0.50321,6.84,1.7,3.35,-0.27381,-0.04606,433.915,-0.43782,0.11516,191.3628,3600.96,8.4379,3588.97,24.7035,-0.54327,0.3962,-0.54886,0.39216,6.56,4.31,8.28,7.47,2.44,5.13,509.186,9.54
Rxn6,Squaramide-5,MeCN,296,ethyl (E)-4-cyano-3-(trifluoromethyl)but-3-enoate,Nitroalkene-Ph,64,0.89,-0.43242,0.04919,104.627,3.056,-0.55559,1.09337,6.12,2.98,6.4,5.74,2.14,6.52,5.93,2.56,6.46,-0.31278,-0.07498,117.432,-0.11897,-0.12663,0.50321,6.84,1.7,3.35,-0.27381,-0.04606,433.915,-0.43782,0.11516,191.3628,3600.96,8.4379,3588.97,24.7035,-0.54327,0.3962,-0.54886,0.39216,6.56,4.31,8.28,7.47,2.44,5.13,509.186,13.772
Rxn7,Squaramide-5,CHCl3,296,ethyl (E)-4-cyano-3-(trifluoromethyl)but-3-enoate,Nitroalkene-Ph,79,1.26,-0.43242,0.04919,104.627,3.056,-0.55559,1.09337,6.12,2.98,6.4,5.74,2.14,6.52,5.93,2.56,6.46,-0.31278,-0.07498,117.432,-0.11897,-0.12663,0.50321,6.84,1.7,3.35,-0.27381,-0.04606,433.915,-0.43782,0.11516,191.3628,3600.96,8.4379,3588.97,24.7035,-0.54327,0.3962,-0.54886,0.39216,6.56,4.31,8.28,7.47,2.44,5.13,509.186,0
Rxn8,Squaramide-5,DCM,273,ethyl (E)-4-cyano-3-(trifluoromethyl)but-3-enoate,Nitroalkene-Ph,81,1.22,-0.43242,0.04919,104.627,3.056,-0.55559,1.09337,6.12,2.98,6.4,5.74,2.14,6.52,5.93,2.56,6.46,-0.31278,-0.07498,117.432,-0.11897,-0.12663,0.50321,6.84,1.7,3.35,-0.27381,-0.04606,433.915,-0.43782,0.11516,191.3628,3600.96,8.4379,3588.97,24.7035,-0.54327,0.3962,-0.54886,0.39216,6.56,4.31,8.28,7.47,2.44,5.13,509.186,0
Rxn9,Squaramide-5,DCM,253,ethyl (E)-4-cyano-3-(trifluoromethyl)but-3-enoate,Nitroalkene-Ph,80,1.10,-0.43242,0.04919,104.627,3.056,-0.55559,1.09337,6.12,2.98,6.4,5.74,2.14,6.52,5.93,2.56,6.46,-0.31278,-0.07498,117.432,-0.11897,-0.12663,0.50321,6.84,1.7,3.35,-0.27381,-0.04606,433.915,-0.43782,0.11516,191.3628,3600.96,8.4379,3588.97,24.7035,-0.54327,0.3962,-0.54886,0.39216,6.56,4.31,8.28,7.47,2.44,5.13,509.186,0
Rxn10,Squaramide-5,DCM,296,ethyl (E)-4-cyano-3-(trifluoromethyl)but-3-enoate,Nitroalkene-2-thienyl,77,1.20,-0.43242,0.04919,104.627,3.056,-0.55559,1.09337,6.12,2.98,6.4,5.74,2.14,6.52,5.93,2.56,6.46,-0.30202,-0.07832,114.402,-0.14233,-0.13285,0.50213,6.32,1.74,3.26,-0.27381,-0.04606,433.915,-0.43782,0.11516,191.3628,3600.96,8.4379,3588.97,24.7035,-0.54327,0.3962,-0.54886,0.39216,6.56,4.31,8.28,7.47,2.44,5.13,509.186,0
Rxn11,Squaramide-5,DCM,296,ethyl (E)-4-cyano-3-(trifluoromethyl)but-3-enoate,Nitroalkene-4-i-Pr Ph,83,1.40,-0.43242,0.04919,104.627,3.056,-0.55559,1.09337,6.12,2.98,6.4,5.74,2.14,6.52,5.93,2.56,6.46,-0.30208,-0.071,160.544,-0.11504,-0.13172,0.50336,8.97,2.66,3.34,-0.27381,-0.04606,433.915,-0.43782,0.11516,191.3628,3600.96,8.4379,3588.97,24.7035,-0.54327,0.3962,-0.54886,0.39216,6.56,4.31,8.28,7.47,2.44,5.13,509.186,0
Rxn12,Squaramide-5,DCM,296,ethyl (E)-4-cyano-3-(trifluoromethyl)but-3-enoate,"Nitroalkene-3,4-OMe Ph",91,1.80,-0.43242,0.04919,104.627,3.056,-0.55559,1.09337,6.12,2.98,6.4,5.74,2.14,6.52,5.93,2.56,6.46,-0.27739,-0.06626,162.469,-0.10947,-0.14469,0.50312,8.88,1.98,5.33,-0.27381,-0.04606,433.915,-0.43782,0.11516,191.3628,3600.96,8.4379,3588.97,24.7035,-0.54327,0.3962,-0.54886,0.39216,6.56,4.31,8.28,7.47,2.44,5.13,509.186,0
Rxn13,Squaramide-5,DCM,296,ethyl (E)-4-cyano-3-(trifluoromethyl)but-3-enoate,Nitroalkene-2-F Ph,72,1.07,-0.43242,0.04919,104.627,3.056,-0.55559,1.09337,6.12,2.98,6.4,5.74,2.14,6.52,5.93,2.56,6.46,-0.31771,-0.07657,117.28,-0.1362,-0.1148,0.50149,6.85,1.7,3.84,-0.27381,-0.04606,433.915,-0.43782,0.11516,191.3628,3600.96,8.4379,3588.97,24.7035,-0.54327,0.3962,-0.54886,0.39216,6.56,4.31,8.28,7.47,2.44,5.13,509.186,0
Rxn14,Squaramide-5,DCM,296,ethyl (E)-4-cyano-3-(trifluoromethyl)but-3-enoate,Nitroalkene-3-Cl Ph,82,1.36,-0.43242,0.04919,104.627,3.056,-0.55559,1.09337,6.12,2.98,6.4,5.74,2.14,6.52,5.93,2.56,6.46,-0.31928,-0.08228,130.769,-0.12493,-0.11846,0.50312,6.84,1.72,4.35,-0.27381,-0.04606,433.915,-0.43782,0.11516,191.3628,3600.96,8.4379,3588.97,24.7035,-0.54327,0.3962,-0.54886,0.39216,6.56,4.31,8.28,7.47,2.44,5.13,509.186,0
Rxn15,Squaramide-5,DCM,296,ethyl (E)-4-cyano-3-(trifluoromethyl)but-3-enoate,Nitroalkene-4-Br Ph,82,1.36,-0.43242,0.04919,104.627,3.056,-0.55559,1.09337,6.12,2.98,6.4,5.74,2.14,6.52,5.93,2.56,6.46,-0.30901,-0.08183,144.145,-0.12306,-0.12284,0.50286,8.4,1.83,3.35,-0.27381,-0.04606,433.915,-0.43782,0.11516,191.3628,3600.96,8.4379,3588.97,24.7035,-0.54327,0.3962,-0.54886,0.39216,6.56,4.31,8.28,7.47,2.44,5.13,509.186,0
Rxn16,Squaramide-5,DCM,296,ethyl (E)-4-cyano-3-(trifluoromethyl)but-3-enoate,"Nitroalkene-3,4-Cl Ph",83,1.40,-0.43242,0.04919,104.627,3.056,-0.55559,1.09337,6.12,2.98,6.4,5.74,2.14,6.52,5.93,2.56,6.46,-0.31579,-0.08663,148.105,-0.12632,-0.11745,0.50275,8.15,1.74,4.63,-0.27381,-0.04606,433.915,-0.43782,0.11516,191.3628,3600.96,8.4379,3588.97,24.7035,-0.54327,0.3962,-0.54886,0.39216,6.56,4.31,8.28,7.47,2.44,5.13,509.186,0
Rxn17,Squaramide-5,DCM,296,ethyl (E)-4-cyano-3-(trifluoromethyl)but-3-enoate,Nitroalkene-2-Me Ph,75,1.14,-0.43242,0.04919,104.627,3.056,-0.55559,1.09337,6.12,2.98,6.4,5.74,2.14,6.52,5.93,2.56,6.46,-0.30717,-0.0746,130.065,-0.12483,-0.12448,0.50287,6.84,1.78,4.47,-0.27381,-0.04606,433.915,-0.43782,0.11516,191.3628,3600.96,8.4379,3588.97,24.7035,-0.54327,0.3962,-0.54886,0.39216,6.56,4.31,8.28,7.47,2.44,5.13,509.186,0
Rxn18,Squaramide-5,DCM,296,ethyl (E)-4-cyano-3-(trifluoromethyl)but-3-enoate,Nitroalkene-3-OMe Ph,87,1.57,-0.43242,0.04919,104.627,3.056,-0.55559,1.09337,6.12,2.98,6.4,5.74,2.14,6.52,5.93,2.56,6.46,-0.29801,-0.07466,136.208,-0.11595,-0.1293,0.50331,6.83,1.77,5.31,-0.27381,-0.04606,433.915,-0.43782,0.11516,191.3628,3600.96,8.4379,3588.97,24.7035,-0.54327,0.3962,-0.54886,0.39216,6.56,4.31,8.28,7.47,2.44,5.13,509.186,0
Rxn19,Squaramide-5,DCM,296,ethyl (E)-4-cyano-3-(trifluoromethyl)but-3-enoate,Nitroalkene-2-napthyl,56,0.74,-0.43242,0.04919,104.627,3.056,-0.55559,1.09337,6.12,2.98,6.4,5.74,2.14,6.52,5.93,2.56,6.46,-0.28771,-0.07619,177.053,-0.11791,-0.11791,0.50297,8.91,1.7,4.63,-0.27381,-0.04606,433.915,-0.43782,0.11516,191.3628,3600.96,8.4379,3588.97,24.7035,-0.54327,0.3962,-0.54886,0.39216,6.56,4.31,8.28,7.47,2.44,5.13,509.186,0
Rxn20,Squaramide-5,DCM,296,ethyl (E)-4-cyano-3-(trifluoromethyl)but-3-enoate,Nitroalkene-OMe Ph,88,1.62,-0.43242,0.04919,104.627,3.056,-0.55559,1.09337,6.12,2.98,6.4,5.74,2.14,6.52,5.93,2.56,6.46,-0.28888,-0.06703,143.17,-0.11244,-0.14112,0.50328,8.89,1.81,3.36,-0.27381,-0.04606,433.915,-0.43782,0.11516,191.3628,3600.96,8.4379,3588.97,24.7035,-0.54327,0.3962,-0.54886,0.39216,6.56,4.31,8.28,7.47,2.44,5.13,509.186,0
Rxn21,Squaramide-1,DCM,296,diphenyl phosphonate,Nitroalkene-Ph,81,1.33,-0.29318,0.00315,152.038,3.2661,2.19979,1.395,8,2.27,6.29,8,2.27,6.29,8,2.27,6.29,-0.31278,-0.07498,117.432,-0.11897,-0.12663,0.50321,6.84,1.7,3.35,-0.26763,-0.0369,284.903,-0.4663,0.10165,193.7917,3597.2,11.7655,3438.61,329.426,-0.54847,0.39837,-0.58895,0.42233,6.67,1.99,5.5,7.45,2.43,5.12,377.741,0
Rxn22,Squaramide-2,DCM,296,diphenyl phosphonate,Nitroalkene-Ph,88,1.62,-0.29318,0.00315,152.038,3.2661,2.19979,1.395,8,2.27,6.29,8,2.27,6.29,8,2.27,6.29,-0.31278,-0.07498,117.432,-0.11897,-0.12663,0.50321,6.84,1.7,3.35,-0.26711,-0.03659,303.396,-0.46728,0.10136,193.88295,3596.81,11.3258,3425.1,362.9482,-0.549,0.39828,-0.58922,0.42263,6.67,1.98,6.77,7.46,2.43,5.12,399.61,0
Rxn23,Squaramide-3,DCM,296,diphenyl phosphonate,Nitroalkene-Ph,95,2.15,-0.29318,0.00315,152.038,3.2661,2.19979,1.395,8,2.27,6.29,8,2.27,6.29,8,2.27,6.29,-0.31278,-0.07498,117.432,-0.11897,-0.12663,0.50321,6.84,1.7,3.35,-0.26687,-0.03647,314.96,-0.47495,0.10166,193.80135,3597.3,11.3598,3418.65,385.2847,-0.54926,0.39794,-0.59043,0.4214,6.67,1.99,6.89,7.46,2.44,5.12,411.442,0
Rxn24,Squaramide-4,DCM,296,diphenyl phosphonate,Nitroalkene-Ph,96,2.29,-0.29318,0.00315,152.038,3.2661,2.19979,1.395,8,2.27,6.29,8,2.27,6.29,8,2.27,6.29,-0.31278,-0.07498,117.432,-0.11897,-0.12663,0.50321,6.84,1.7,3.35,-0.26018,-0.02813,303.172,-0.47444,0.10312,194.32705,3594.15,10.2775,3425.14,368.1476,-0.54882,0.39573,-0.59249,0.42033,6.67,1.99,6.9,8.14,2.04,3.37,380.278,0
Rxn25,Squaramide-4,DCM,273,diphenyl phosphonate,Nitroalkene-Ph,97,2.27,-0.29318,0.00315,152.038,3.2661,2.19979,1.395,8,2.27,6.29,8,2.27,6.29,8,2.27,6.29,-0.31278,-0.07498,117.432,-0.11897,-0.12663,0.50321,6.84,1.7,3.35,-0.26018,-0.02813,303.172,-0.47444,0.10312,194.32705,3594.15,10.2775,3425.14,368.1476,-0.54882,0.39573,-0.59249,0.42033,6.67,1.99,6.9,8.14,2.04,3.37,380.278,0
Rxn26,Squaramide-4,DCM,263,diphenyl phosphonate,Nitroalkene-Ph,98,2.40,-0.29318,0.00315,152.038,3.2661,2.19979,1.395,8,2.27,6.29,8,2.27,6.29,8,2.27,6.29,-0.31278,-0.07498,117.432,-0.11897,-0.12663,0.50321,6.84,1.7,3.35,-0.26018,-0.02813,303.172,-0.47444,0.10312,194.32705,3594.15,10.2775,3425.14,368.1476,-0.54882,0.39573,-0.59249,0.42033,6.67,1.99,6.9,8.14,2.04,3.37,380.278,0
Rxn27,Squaramide-4,DCM,253,diphenyl phosphonate,Nitroalkene-Ph,98.4,2.42,-0.29318,0.00315,152.038,3.2661,2.19979,1.395,8,2.27,6.29,8,2.27,6.29,8,2.27,6.29,-0.31278,-0.07498,117.432,-0.11897,-0.12663,0.50321,6.84,1.7,3.35,-0.26018,-0.02813,303.172,-0.47444,0.10312,194.32705,3594.15,10.2775,3425.14,368.1476,-0.54882,0.39573,-0.59249,0.42033,6.67,1.99,6.9,8.14,2.04,3.37,380.278,0
Rxn28,Squaramide-4,Toluene,296,diphenyl phosphonate,Nitroalkene-Ph,94,2.04,-0.29318,0.00315,152.038,3.2661,2.19979,1.395,8,2.27,6.29,8,2.27,6.29,8,2.27,6.29,-0.31278,-0.07498,117.432,-0.11897,-0.12663,0.50321,6.84,1.7,3.35,-0.26018,-0.02813,303.172,-0.47444,0.10312,194.32705,3594.15,10.2775,3425.14,368.1476,-0.54882,0.39573,-0.59249,0.42033,6.67,1.99,6.9,8.14,2.04,3.37,380.278,0
Rxn29,Squaramide-4,Et2O,296,diphenyl phosphonate,Nitroalkene-Ph,93,1.95,-0.29318,0.00315,152.038,3.2661,2.19979,1.395,8,2.27,6.29,8,2.27,6.29,8,2.27,6.29,-0.31278,-0.07498,117.432,-0.11897,-0.12663,0.50321,6.84,1.7,3.35,-0.26018,-0.02813,303.172,-0.47444,0.10312,194.32705,3594.15,10.2775,3425.14,368.1476,-0.54882,0.39573,-0.59249,0.42033,6.67,1.99,6.9,8.14,2.04,3.37,380.278,9.54
Rxn30,Squaramide-4,MTBE,296,diphenyl phosphonate,Nitroalkene-Ph,94,2.04,-0.29318,0.00315,152.038,3.2661,2.19979,1.395,8,2.27,6.29,8,2.27,6.29,8,2.27,6.29,-0.31278,-0.07498,117.432,-0.11897,-0.12663,0.50321,6.84,1.7,3.35,-0.26018,-0.02813,303.172,-0.47444,0.10312,194.32705,3594.15,10.2775,3425.14,368.1476,-0.54882,0.39573,-0.59249,0.42033,6.67,1.99,6.9,8.14,2.04,3.37,380.278,9.54
Rxn31,Squaramide-4,THF,296,diphenyl phosphonate,Nitroalkene-Ph,93,1.95,-0.29318,0.00315,152.038,3.2661,2.19979,1.395,8,2.27,6.29,8,2.27,6.29,8,2.27,6.29,-0.31278,-0.07498,117.432,-0.11897,-0.12663,0.50321,6.84,1.7,3.35,-0.26018,-0.02813,303.172,-0.47444,0.10312,194.32705,3594.15,10.2775,3425.14,368.1476,-0.54882,0.39573,-0.59249,0.42033,6.67,1.99,6.9,8.14,2.04,3.37,380.278,9.54
Rxn32,Squaramide-4,MeCN,296,diphenyl phosphonate,Nitroalkene-Ph,90,1.73,-0.29318,0.00315,152.038,3.2661,2.19979,1.395,8,2.27,6.29,8,2.27,6.29,8,2.27,6.29,-0.31278,-0.07498,117.432,-0.11897,-0.12663,0.50321,6.84,1.7,3.35,-0.26018,-0.02813,303.172,-0.47444,0.10312,194.32705,3594.15,10.2775,3425.14,368.1476,-0.54882,0.39573,-0.59249,0.42033,6.67,1.99,6.9,8.14,2.04,3.37,380.278,13.772
Rxn33,Squaramide-4,DCM,273,diphenyl phosphonate,Nitroalkene-2-F Ph,99,2.87,-0.29318,0.00315,152.038,3.2661,2.19979,1.395,8,2.27,6.29,8,2.27,6.29,8,2.27,6.29,-0.31771,-0.07657,117.28,-0.1362,-0.1148,0.50149,6.85,1.7,3.84,-0.26018,-0.02813,303.172,-0.47444,0.10312,194.32705,3594.15,10.2775,3425.14,368.1476,-0.54882,0.39573,-0.59249,0.42033,6.67,1.99,6.9,8.14,2.04,3.37,380.278,0
Rxn34,Squaramide-4,DCM,273,diphenyl phosphonate,Nitroalkene-2-napthyl,99,2.87,-0.29318,0.00315,152.038,3.2661,2.19979,1.395,8,2.27,6.29,8,2.27,6.29,8,2.27,6.29,-0.28771,-0.07619,177.053,-0.11791,-0.11791,0.50297,8.91,1.7,4.63,-0.26018,-0.02813,303.172,-0.47444,0.10312,194.32705,3594.15,10.2775,3425.14,368.1476,-0.54882,0.39573,-0.59249,0.42033,6.67,1.99,6.9,8.14,2.04,3.37,380.278,0
Rxn35,Squaramide-4,DCM,273,diphenyl phosphonate,Nitroalkene-1-napthyl,97,2.27,-0.29318,0.00315,152.038,3.2661,2.19979,1.395,8,2.27,6.29,8,2.27,6.29,8,2.27,6.29,-0.28389,-0.0767,167.782,-0.12497,-0.12276,0.50221,6.92,1.7,5.72,-0.26018,-0.02813,303.172,-0.47444,0.10312,194.32705,3594.15,10.2775,3425.14,368.1476,-0.54882,0.39573,-0.59249,0.42033,6.67,1.99,6.9,8.14,2.04,3.37,380.278,0
Rxn36,Squaramide-4,DCM,273,diphenyl phosphonate,Nitroalkene-2-furyl,97,2.27,-0.29318,0.00315,152.038,3.2661,2.19979,1.395,8,2.27,6.29,8,2.27,6.29,8,2.27,6.29,-0.29764,-0.07491,101.312,-0.16837,-0.12483,0.49999,6.08,1.7,3.17,-0.26018,-0.02813,303.172,-0.47444,0.10312,194.32705,3594.15,10.2775,3425.14,368.1476,-0.54882,0.39573,-0.59249,0.42033,6.67,1.99,6.9,8.14,2.04,3.37,380.278,0
Rxn37,Squaramide-4,DCM,273,diphenyl phosphonate,Nitroalkene-2-thienyl,97,2.27,-0.29318,0.00315,152.038,3.2661,2.19979,1.395,8,2.27,6.29,8,2.27,6.29,8,2.27,6.29,-0.30202,-0.07832,114.402,-0.14233,-0.13285,0.50213,6.32,1.74,3.26,-0.26018,-0.02813,303.172,-0.47444,0.10312,194.32705,3594.15,10.2775,3425.14,368.1476,-0.54882,0.39573,-0.59249,0.42033,6.67,1.99,6.9,8.14,2.04,3.37,380.278,0
Rxn38,Squaramide-4,DCM,273,diphenyl phosphonate,Nitroalkene-4-OMe Ph,99,2.87,-0.29318,0.00315,152.038,3.2661,2.19979,1.395,8,2.27,6.29,8,2.27,6.29,8,2.27,6.29,-0.28888,-0.06703,143.17,-0.11244,-0.14112,0.50328,8.89,1.81,3.36,-0.26018,-0.02813,303.172,-0.47444,0.10312,194.32705,3594.15,10.2775,3425.14,368.1476,-0.54882,0.39573,-0.59249,0.42033,6.67,1.99,6.9,8.14,2.04,3.37,380.278,0
Rxn39,Squaramide-4,DCM,273,diphenyl phosphonate,"Nitroalkene-2,4-Cl Ph",97,2.27,-0.29318,0.00315,152.038,3.2661,2.19979,1.395,8,2.27,6.29,8,2.27,6.29,8,2.27,6.29,-0.31677,-0.08629,146.938,-0.13408,-0.11369,0.50232,8.17,1.73,4.5,-0.26018,-0.02813,303.172,-0.47444,0.10312,194.32705,3594.15,10.2775,3425.14,368.1476,-0.54882,0.39573,-0.59249,0.42033,6.67,1.99,6.9,8.14,2.04,3.37,380.278,0
Rxn40,Squaramide-4,DCM,273,diphenyl phosphonate,Nitroalkene-i-Pr,95,1.99,-0.29318,0.00315,152.038,3.2661,2.19979,1.395,8,2.27,6.29,8,2.27,6.29,8,2.27,6.29,-0.36006,-0.05431,78.2658,-0.08556,-0.15278,0.50644,4.71,2,3.28,-0.26018,-0.02813,303.172,-0.47444,0.10312,194.32705,3594.15,10.2775,3425.14,368.1476,-0.54882,0.39573,-0.59249,0.42033,6.67,1.99,6.9,8.14,2.04,3.37,380.278,0
Rxn41,Squaramide-4,DCM,273,diphenyl phosphonate,Nitroalkene-Cyclohexyl,97,2.27,-0.29318,0.00315,152.038,3.2661,2.19979,1.395,8,2.27,6.29,8,2.27,6.29,8,2.27,6.29,-0.3543,-0.0525,109.774,-0.07913,-0.15231,0.50665,6.77,2.02,3.63,-0.26018,-0.02813,303.172,-0.47444,0.10312,194.32705,3594.15,10.2775,3425.14,368.1476,-0.54882,0.39573,-0.59249,0.42033,6.67,1.99,6.9,8.14,2.04,3.37,380.278,0
Rxn42,Squaramide-4,DCM,273,diphenyl phosphonate,Nitroalkene-3-indole,98,2.49,-0.29318,0.00315,152.038,3.2661,2.19979,1.395,8,2.27,6.29,8,2.27,6.29,8,2.27,6.29,-0.27631,-0.05682,151.439,-0.11457,-0.15633,0.49999,7.33,1.7,5.42,-0.26018,-0.02813,303.172,-0.47444,0.10312,194.32705,3594.15,10.2775,3425.14,368.1476,-0.54882,0.39573,-0.59249,0.42033,6.67,1.99,6.9,8.14,2.04,3.37,380.278,0
Rxn43,Squaramide-4,DCM,273,diphenyl phosphonate,Nitroalkene-i-Bu,96,2.11,-0.29318,0.00315,152.038,3.2661,2.19979,1.395,8,2.27,6.29,8,2.27,6.29,8,2.27,6.29,-0.35743,-0.0555,91.1343,-0.09093,-0.14399,0.50555,5.72,1.7,4.53,-0.26018,-0.02813,303.172,-0.47444,0.10312,194.32705,3594.15,10.2775,3425.14,368.1476,-0.54882,0.39573,-0.59249,0.42033,6.67,1.99,6.9,8.14,2.04,3.37,380.278,0
Rxn44,Squaramide-4,DCM,273,diphenyl phosphonate,Nitroalkene-Pentyl,96,2.11,-0.29318,0.00315,152.038,3.2661,2.19979,1.395,8,2.27,6.29,8,2.27,6.29,8,2.27,6.29,-0.35973,-0.05315,102.675,-0.08745,-0.15448,0.50663,8.02,1.7,4.6,-0.26018,-0.02813,303.172,-0.47444,0.10312,194.32705,3594.15,10.2775,3425.14,368.1476,-0.54882,0.39573,-0.59249,0.42033,6.67,1.99,6.9,8.14,2.04,3.37,380.278,0
Rxn45,Squaramide-4,DCM,273,diphenyl phosphonate,Nitroalkene-Mesityl,96,2.11,-0.29318,0.00315,152.038,3.2661,2.19979,1.395,8,2.27,6.29,8,2.27,6.29,8,2.27,6.29,-0.29566,-0.06834,159.267,-0.12994,-0.13945,0.50266,7.89,1.94,4.51,-0.26018,-0.02813,303.172,-0.47444,0.10312,194.32705,3594.15,10.2775,3425.14,368.1476,-0.54882,0.39573,-0.59249,0.42033,6.67,1.99,6.9,8.14,2.04,3.37,380.278,0
Rxn46,Squaramide-4,DCM,273,diphenyl phosphonate,Nitroalkene-2-NO2 Ph,97,2.27,-0.29318,0.00315,152.038,3.2661,2.19979,1.395,8,2.27,6.29,8,2.27,6.29,8,2.27,6.29,-0.34115,-0.09032,129.769,-0.12189,-0.11691,0.50311,6.87,1.76,5,-0.26018,-0.02813,303.172,-0.47444,0.10312,194.32705,3594.15,10.2775,3425.14,368.1476,-0.54882,0.39573,-0.59249,0.42033,6.67,1.99,6.9,8.14,2.04,3.37,380.278,0
Rxn47,Squaramide-4,DCM,273,diphenyl phosphonate,"Nitroalkene-3,4-(OCH2O) Ph",98,2.49,-0.29318,0.00315,152.038,3.2661,2.19979,1.395,8,2.27,6.29,8,2.27,6.29,8,2.27,6.29,-0.28362,-0.07008,141.599,-0.11548,-0.13862,0.50326,7.89,1.83,3.6,-0.26018,-0.02813,303.172,-0.47444,0.10312,194.32705,3594.15,10.2775,3425.14,368.1476,-0.54882,0.39573,-0.59249,0.42033,6.67,1.99,6.9,8.14,2.04,3.37,380.278,0
Rxn48,Squaramide-4,DCM,273,diphenyl phosphonate,Nitroalkene-2-Br Ph,97,2.27,-0.29318,0.00315,152.038,3.2661,2.19979,1.395,8,2.27,6.29,8,2.27,6.29,8,2.27,6.29,-0.31496,-0.0808,136.654,-0.13232,-0.11512,0.50247,6.86,1.74,4.75,-0.26018,-0.02813,303.172,-0.47444,0.10312,194.32705,3594.15,10.2775,3425.14,368.1476,-0.54882,0.39573,-0.59249,0.42033,6.67,1.99,6.9,8.14,2.04,3.37,380.278,0
Rxn49,Squaramide-4,DCM,273,diphenyl phosphonate,"Nitroalkene-Ph,H,H",97,2.27,-0.29318,0.00315,152.038,3.2661,2.19979,1.395,8,2.27,6.29,8,2.27,6.29,8,2.27,6.29,-0.30901,-0.08183,144.145,-0.12306,-0.12284,0.50286,8.4,1.83,3.35,-0.26018,-0.02813,303.172,-0.47444,0.10312,194.32705,3594.15,10.2775,3425.14,368.1476,-0.54882,0.39573,-0.59249,0.42033,6.67,1.99,6.9,8.14,2.04,3.37,380.278,0
Rxn50,Thiourea-7,Benzene,296,Dicyanocyclopropyl-Me,"Nitroalkene-Ph,H,H",5,0.06,-0.34547,0.00262,96.8618,6.6369,-0.51938,1.0969,6.35,2.63,5.14,4.59,2.05,6.18,5.47,2.34,5.66,-0.31278,-0.07498,117.432,-0.11897,-0.12663,0.50321,6.84,1.7,3.35,-0.27961,-0.03506,380.164,-0.45883,0.27405,215.3026,3596.22,15.7355,3427.54,404.8012,-0.58373,0.3952,-0.62499,0.42879,7.85,3.25,7.6,7.44,2.35,5.13,462.574,0
Rxn51,Thiourea-6,Benzene,296,Dicyanocyclopropyl-Me,"Nitroalkene-Ph,H,H",13,0.15,-0.34547,0.00262,96.8618,6.6369,-0.51938,1.0969,6.35,2.63,5.14,4.59,2.05,6.18,5.47,2.34,5.66,-0.31278,-0.07498,117.432,-0.11897,-0.12663,0.50321,6.84,1.7,3.35,-0.27335,-0.0313,398.976,-0.45776,0.27572,216.0029,3596.56,16.2408,3437.01,368.9563,-0.58425,0.39598,-0.62359,0.42789,7.77,4.48,7.62,7.43,2.35,5.12,486.089,0
Rxn52,Thiourea-1,Benzene,296,Dicyanocyclopropyl-Me,"Nitroalkene-Ph,H,H",14,0.17,-0.34547,0.00262,96.8618,6.6369,-0.51938,1.0969,6.35,2.63,5.14,4.59,2.05,6.18,5.47,2.34,5.66,-0.31278,-0.07498,117.432,-0.11897,-0.12663,0.50321,6.84,1.7,3.35,-0.27598,-0.0245,251.231,-0.46383,0.28078,217.0512,3596.72,15.1597,3436.9,306.9801,-0.58842,0.39484,-0.61293,0.41924,6.69,2,5.52,7.43,2.35,5.11,349.218,0
Rxn53,Thiourea-1,DCM,296,Dicyanocyclopropyl-Me,"Nitroalkene-Ph,H,H",52,0.68,-0.34547,0.00262,96.8618,6.6369,-0.51938,1.0969,6.35,2.63,5.14,4.59,2.05,6.18,5.47,2.34,5.66,-0.31278,-0.07498,117.432,-0.11897,-0.12663,0.50321,6.84,1.7,3.35,-0.27598,-0.0245,251.231,-0.46383,0.28078,217.0512,3596.72,15.1597,3436.9,306.9801,-0.58842,0.39484,-0.61293,0.41924,6.69,2,5.52,7.43,2.35,5.11,349.218,0
Rxn54,Thiourea-1,DCM,248,Dicyanocyclopropyl-Me,"Nitroalkene-Ph,H,H",62,0.71,-0.34547,0.00262,96.8618,6.6369,-0.51938,1.0969,6.35,2.63,5.14,4.59,2.05,6.18,5.47,2.34,5.66,-0.31278,-0.07498,117.432,-0.11897,-0.12663,0.50321,6.84,1.7,3.35,-0.27598,-0.0245,251.231,-0.46383,0.28078,217.0512,3596.72,15.1597,3436.9,306.9801,-0.58842,0.39484,-0.61293,0.41924,6.69,2,5.52,7.43,2.35,5.11,349.218,0
Rxn55,Thiourea-3,DCM,248,Dicyanocyclopropyl-Me,"Nitroalkene-Ph,H,H",65,0.76,-0.34547,0.00262,96.8618,6.6369,-0.51938,1.0969,6.35,2.63,5.14,4.59,2.05,6.18,5.47,2.34,5.66,-0.31278,-0.07498,117.432,-0.11897,-0.12663,0.50321,6.84,1.7,3.35,-0.27544,-0.02428,281.842,-0.47259,0.28077,217.1635,3596.44,14.1052,3420.1,359.1508,-0.58939,0.39485,-0.61463,0.41904,6.7,2.01,6.87,7.42,2.34,5.11,382.344,0
Rxn56,Thiourea-2,DCM,248,Dicyanocyclopropyl-Me,"Nitroalkene-Ph,H,H",69,0.84,-0.34547,0.00262,96.8618,6.6369,-0.51938,1.0969,6.35,2.63,5.14,4.59,2.05,6.18,5.47,2.34,5.66,-0.31278,-0.07498,117.432,-0.11897,-0.12663,0.50321,6.84,1.7,3.35,-0.27554,-0.02436,270.141,-0.46467,0.28007,217.347,3596.51,14.4449,3425.7,336.5965,-0.58922,0.39497,-0.61353,0.41963,6.69,2,6.77,7.43,2.34,5.11,371.34,0
Rxn57,Thiourea-5,DCM,248,Dicyanocyclopropyl-Me,"Nitroalkene-Ph,H,H",79,1.06,-0.34547,0.00262,96.8618,6.6369,-0.51938,1.0969,6.35,2.63,5.14,4.59,2.05,6.18,5.47,2.34,5.66,-0.31278,-0.07498,117.432,-0.11897,-0.12663,0.50321,6.84,1.7,3.35,-0.27713,-0.05635,268.489,-0.46492,0.2798,216.3352,3590.7,14.0985,3416.52,375.1237,-0.5772,0.39295,-0.61406,0.41943,6.69,2,6.77,8.2,1.7,3.44,330.779,0
Rxn58,Thiourea-1,EtOAc,296,Dicyanocyclopropyl-Me,"Nitroalkene-Ph,H,H",26,0.31,-0.34547,0.00262,96.8618,6.6369,-0.51938,1.0969,6.35,2.63,5.14,4.59,2.05,6.18,5.47,2.34,5.66,-0.31278,-0.07498,117.432,-0.11897,-0.12663,0.50321,6.84,1.7,3.35,-0.27598,-0.0245,251.231,-0.46383,0.28078,217.0512,3596.72,15.1597,3436.9,306.9801,-0.58842,0.39484,-0.61293,0.41924,6.69,2,5.52,7.43,2.35,5.11,349.218,25.413
Rxn59,Thiourea-1,CHCl3,296,Dicyanocyclopropyl-Me,"Nitroalkene-Ph,H,H",45,0.57,-0.34547,0.00262,96.8618,6.6369,-0.51938,1.0969,6.35,2.63,5.14,4.59,2.05,6.18,5.47,2.34,5.66,-0.31278,-0.07498,117.432,-0.11897,-0.12663,0.50321,6.84,1.7,3.35,-0.27598,-0.0245,251.231,-0.46383,0.28078,217.0512,3596.72,15.1597,3436.9,306.9801,-0.58842,0.39484,-0.61293,0.41924,6.69,2,5.52,7.43,2.35,5.11,349.218,0
Rxn60,Thiourea-1,Toluene,296,Dicyanocyclopropyl-Me,"Nitroalkene-Ph,H,H",27,0.33,-0.34547,0.00262,96.8618,6.6369,-0.51938,1.0969,6.35,2.63,5.14,4.59,2.05,6.18,5.47,2.34,5.66,-0.31278,-0.07498,117.432,-0.11897,-0.12663,0.50321,6.84,1.7,3.35,-0.27598,-0.0245,251.231,-0.46383,0.28078,217.0512,3596.72,15.1597,3436.9,306.9801,-0.58842,0.39484,-0.61293,0.41924,6.69,2,5.52,7.43,2.35,5.11,349.218,0
Rxn61,Thiourea-1,Et2O,296,Dicyanocyclopropyl-Me,"Nitroalkene-Ph,H,H",37,0.46,-0.34547,0.00262,96.8618,6.6369,-0.51938,1.0969,6.35,2.63,5.14,4.59,2.05,6.18,5.47,2.34,5.66,-0.31278,-0.07498,117.432,-0.11897,-0.12663,0.50321,6.84,1.7,3.35,-0.27598,-0.0245,251.231,-0.46383,0.28078,217.0512,3596.72,15.1597,3436.9,306.9801,-0.58842,0.39484,-0.61293,0.41924,6.69,2,5.52,7.43,2.35,5.11,349.218,9.54
Rxn62,Thiourea-5,DCM,248,Dicyanocyclopropyl-Me,"Nitroalkene-Ph,H,H",80,1.08,-0.34547,0.00262,96.8618,6.6369,-0.51938,1.0969,6.35,2.63,5.14,4.59,2.05,6.18,5.47,2.34,5.66,-0.31278,-0.07498,117.432,-0.11897,-0.12663,0.50321,6.84,1.7,3.35,-0.27713,-0.05635,268.489,-0.46492,0.2798,216.3352,3590.7,14.0985,3416.52,375.1237,-0.5772,0.39295,-0.61406,0.41943,6.69,2,6.77,8.2,1.7,3.44,330.779,0
Rxn63,Thiourea-5,DCM,248,Dicyanocyclopropyl-Et,"Nitroalkene-Ph,H,H",76,0.98,-0.3417,0.00352,108.57,6.3699,-0.51684,1.0965,6.34,2.67,5.76,4.6,2.05,6.18,5.47,2.36,5.97,-0.31278,-0.07498,117.432,-0.11897,-0.12663,0.50321,6.84,1.7,3.35,-0.27713,-0.05635,268.489,-0.46492,0.2798,216.3352,3590.7,14.0985,3416.52,375.1237,-0.5772,0.39295,-0.61406,0.41943,6.69,2,6.77,8.2,1.7,3.44,330.779,0
Rxn64,Thiourea-5,DCM,248,Dicyanocyclopropyl-i-Pr,"Nitroalkene-Ph,H,H",72,0.89,-0.33761,0.00341,120.398,6.3388,-0.52152,1.0971,6.42,3.02,5.79,4.49,2.07,6.24,5.455,2.545,6.015,-0.31278,-0.07498,117.432,-0.11897,-0.12663,0.50321,6.84,1.7,3.35,-0.27713,-0.05635,268.489,-0.46492,0.2798,216.3352,3590.7,14.0985,3416.52,375.1237,-0.5772,0.39295,-0.61406,0.41943,6.69,2,6.77,8.2,1.7,3.44,330.779,0
Rxn65,Thiourea-5,DCM,248,Dicyanocyclopropyl-t-Bu,"Nitroalkene-Ph,H,H",84,1.20,-0.33471,0.00401,131.793,6.3906,-0.52871,1.0959,6.38,3.03,5.82,4.51,2.07,6.24,5.445,2.55,6.03,-0.31278,-0.07498,117.432,-0.11897,-0.12663,0.50321,6.84,1.7,3.35,-0.27713,-0.05635,268.489,-0.46492,0.2798,216.3352,3590.7,14.0985,3416.52,375.1237,-0.5772,0.39295,-0.61406,0.41943,6.69,2,6.77,8.2,1.7,3.44,330.779,0
Rxn66,Thiourea-5,DCM,248,Dicyanocyclopropyl-Ph,"Nitroalkene-Ph,H,H",74,0.94,-0.33204,-0.04962,154.47,5.6874,-0.51683,1.0963,5.05,3.11,7.31,4.3,2.68,7.28,4.675,2.895,7.295,-0.31278,-0.07498,117.432,-0.11897,-0.12663,0.50321,6.84,1.7,3.35,-0.27713,-0.05635,268.489,-0.46492,0.2798,216.3352,3590.7,14.0985,3416.52,375.1237,-0.5772,0.39295,-0.61406,0.41943,6.69,2,6.77,8.2,1.7,3.44,330.779,0
Rxn67,Thiourea-5,DCM,248,Dicyanocyclopropyl-2-OMe Ph,"Nitroalkene-Ph,H,H",74,0.94,-0.30345,-0.04287,172.319,6.5309,-0.51041,1.0943,5.04,3.11,7.42,4.38,3.25,7.4,4.71,3.18,7.41,-0.31278,-0.07498,117.432,-0.11897,-0.12663,0.50321,6.84,1.7,3.35,-0.27713,-0.05635,268.489,-0.46492,0.2798,216.3352,3590.7,14.0985,3416.52,375.1237,-0.5772,0.39295,-0.61406,0.41943,6.69,2,6.77,8.2,1.7,3.44,330.779,0
Rxn68,Thiourea-5,DCM,248,Dicyanocyclopropyl-3-OMe Ph,"Nitroalkene-Ph,H,H",75,0.96,-0.30139,-0.04904,173.516,5.6604,-0.51676,1.0962,5.05,3.29,8.6,4.99,2.67,8.59,5.02,2.98,8.595,-0.31278,-0.07498,117.432,-0.11897,-0.12663,0.50321,6.84,1.7,3.35,-0.27713,-0.05635,268.489,-0.46492,0.2798,216.3352,3590.7,14.0985,3416.52,375.1237,-0.5772,0.39295,-0.61406,0.41943,6.69,2,6.77,8.2,1.7,3.44,330.779,0
Rxn69,Thiourea-5,DCM,248,Dicyanocyclopropyl-4-Cl Ph,"Nitroalkene-Ph,H,H",76,0.98,-0.32662,-0.0577,170.827,4.1547,-0.51712,1.0965,5.05,3.11,8.59,4.29,2.68,8.56,4.67,2.895,8.575,-0.31278,-0.07498,117.432,-0.11897,-0.12663,0.50321,6.84,1.7,3.35,-0.27713,-0.05635,268.489,-0.46492,0.2798,216.3352,3590.7,14.0985,3416.52,375.1237,-0.5772,0.39295,-0.61406,0.41943,6.69,2,6.77,8.2,1.7,3.44,330.779,0
Rxn70,Thiourea-5,DCM,248,Dicyanocyclopropyl-2-Cl Ph,"Nitroalkene-Ph,H,H",74,0.94,-0.32312,-0.04878,163.828,5.3714,-0.51722,1.0941,6.4,2.87,7.35,4.69,2.33,7.14,5.545,2.6,7.245,-0.31278,-0.07498,117.432,-0.11897,-0.12663,0.50321,6.84,1.7,3.35,-0.27713,-0.05635,268.489,-0.46492,0.2798,216.3352,3590.7,14.0985,3416.52,375.1237,-0.5772,0.39295,-0.61406,0.41943,6.69,2,6.77,8.2,1.7,3.44,330.779,0
Rxn71,Thiourea-5,DCM,248,Dicyanocyclopropyl-Me,"Nitroalkene-4-OMe Ph,H,H",78,1.03,-0.34547,0.00262,96.8618,6.6369,-0.51938,1.0969,6.35,2.63,5.14,4.59,2.05,6.18,5.47,2.34,5.66,-0.28888,-0.06703,143.17,-0.11244,-0.14112,0.50328,8.89,1.81,3.36,-0.27713,-0.05635,268.489,-0.46492,0.2798,216.3352,3590.7,14.0985,3416.52,375.1237,-0.5772,0.39295,-0.61406,0.41943,6.69,2,6.77,8.2,1.7,3.44,330.779,0
Rxn72,Thiourea-5,DCM,248,Dicyanocyclopropyl-Me,"Nitroalkene-4-Me Ph,H,H",82,1.14,-0.34547,0.00262,96.8618,6.6369,-0.51938,1.0969,6.35,2.63,5.14,4.59,2.05,6.18,5.47,2.34,5.66,-0.30271,-0.07138,134.407,-0.11559,-0.13204,0.50331,7.89,1.88,3.35,-0.27713,-0.05635,268.489,-0.46492,0.2798,216.3352,3590.7,14.0985,3416.52,375.1237,-0.5772,0.39295,-0.61406,0.41943,6.69,2,6.77,8.2,1.7,3.44,330.779,0
Rxn73,Thiourea-5,DCM,248,Dicyanocyclopropyl-Me,"Nitroalkene-Ph,H,Me",81,1.11,-0.34547,0.00262,96.8618,6.6369,-0.51938,1.0969,6.35,2.63,5.14,4.59,2.05,6.18,5.47,2.34,5.66,-0.30606,-0.06565,127.15,-0.13558,0.07141,0.5116,6.84,1.7,3.38,-0.27713,-0.05635,268.489,-0.46492,0.2798,216.3352,3590.7,14.0985,3416.52,375.1237,-0.5772,0.39295,-0.61406,0.41943,6.69,2,6.77,8.2,1.7,3.44,330.779,0
Rxn74,Thiourea-5,DCM,248,Dicyanocyclopropyl-Me,"Nitroalkene-4-F Ph,H,Me",75,0.96,-0.34547,0.00262,96.8618,6.6369,-0.51938,1.0969,6.35,2.63,5.14,4.59,2.05,6.18,5.47,2.34,5.66,-0.30609,-0.06841,128.164,-0.13584,0.06982,0.51164,7.46,1.7,3.37,-0.27713,-0.05635,268.489,-0.46492,0.2798,216.3352,3590.7,14.0985,3416.52,375.1237,-0.5772,0.39295,-0.61406,0.41943,6.69,2,6.77,8.2,1.7,3.44,330.779,0
Rxn75,Thiourea-5,DCM,248,Dicyanocyclopropyl-Me,"Nitroalkene-4-Br Ph,H,Me",76,0.98,-0.34547,0.00262,96.8618,6.6369,-0.51938,1.0969,6.35,2.63,5.14,4.59,2.05,6.18,5.47,2.34,5.66,-0.30345,-0.07245,153.453,-0.14036,0.07583,0.51131,8.41,1.83,3.38,-0.27713,-0.05635,268.489,-0.46492,0.2798,216.3352,3590.7,14.0985,3416.52,375.1237,-0.5772,0.39295,-0.61406,0.41943,6.69,2,6.77,8.2,1.7,3.44,330.779,0
Rxn76,Thiourea-5,DCM,248,Dicyanocyclopropyl-Me,"Nitroalkene-Cyclohexyl,H,H",82,1.14,-0.34547,0.00262,96.8618,6.6369,-0.51938,1.0969,6.35,2.63,5.14,4.59,2.05,6.18,5.47,2.34,5.66,-0.3543,-0.0525,109.774,-0.07913,-0.15231,0.50665,6.77,2.02,3.63,-0.27713,-0.05635,268.489,-0.46492,0.2798,216.3352,3590.7,14.0985,3416.52,375.1237,-0.5772,0.39295,-0.61406,0.41943,6.69,2,6.77,8.2,1.7,3.44,330.779,0
Rxn77,Thiourea-5,DCM,248,Dicyanocyclopropyl-Ph,"Nitroalkene-Cyclohexyl,H,H",78,1.03,-0.33204,-0.04962,154.47,5.6874,-0.51683,1.0963,5.05,3.11,7.31,4.3,2.68,7.28,4.675,2.895,7.295,-0.3543,-0.0525,109.774,-0.07913,-0.15231,0.50665,6.77,2.02,3.63,-0.27713,-0.05635,268.489,-0.46492,0.2798,216.3352,3590.7,14.0985,3416.52,375.1237,-0.5772,0.39295,-0.61406,0.41943,6.69,2,6.77,8.2,1.7,3.44,330.779,0
Rxn78,Thiourea-5,DCM,248,Dicyanocyclopropyl-Ph,"Nitroalkene-Butyl,H,H",78,1.03,-0.33204,-0.04962,154.47,5.6874,-0.51683,1.0963,5.05,3.11,7.31,4.3,2.68,7.28,4.675,2.895,7.295,-0.35998,-0.05332,90.2747,-0.0877,-0.15436,0.50662,6.97,1.7,4.43,-0.27713,-0.05635,268.489,-0.46492,0.2798,216.3352,3590.7,14.0985,3416.52,375.1237,-0.5772,0.39295,-0.61406,0.41943,6.69,2,6.77,8.2,1.7,3.44,330.779,0
Rxn79,Thiourea-5,DCM,248,Dicyanocyclopropyl-Me,"Nitroalkene-(CH2OCH2),na,Me",66,0.78,-0.34547,0.00262,96.8618,6.6369,-0.51938,1.0969,6.35,2.63,5.14,4.59,2.05,6.18,5.47,2.34,5.66,-0.33384,-0.05899,78.3375,0.03549,0.04761,0.51592,3.6,1.7,3.28,-0.27713,-0.05635,268.489,-0.46492,0.2798,216.3352,3590.7,14.0985,3416.52,375.1237,-0.5772,0.39295,-0.61406,0.41943,6.69,2,6.77,8.2,1.7,3.44,330.779,0
Rxn80,Thiourea-5,DCM,248,Dicyanocyclopropyl-Ph,"Nitroalkene-(CH2)4,H,na",89,1.40,-0.33204,-0.04962,154.47,5.6874,-0.51683,1.0963,5.05,3.11,7.31,4.3,2.68,7.28,4.675,2.895,7.295,-0.33828,-0.04968,83.4641,-0.10759,0.04773,0.51489,4.64,1.7,4.56,-0.27713,-0.05635,268.489,-0.46492,0.2798,216.3352,3590.7,14.0985,3416.52,375.1237,-0.5772,0.39295,-0.61406,0.41943,6.69,2,6.77,8.2,1.7,3.44,330.779,0
Rxn81,Thiourea-5,DCM,248,Dicyanocyclopropyl-4-Cl Ph,"Nitroalkene-(CH2)4,H,na",91,1.51,-0.32662,-0.0577,170.827,4.1547,-0.51712,1.0965,5.05,3.11,8.59,4.29,2.68,8.56,4.67,2.895,8.575,-0.33828,-0.04968,83.4641,-0.10759,0.04773,0.51489,4.64,1.7,4.56,-0.27713,-0.05635,268.489,-0.46492,0.2798,216.3352,3590.7,14.0985,3416.52,375.1237,-0.5772,0.39295,-0.61406,0.41943,6.69,2,6.77,8.2,1.7,3.44,330.779,0
Rxn82,Thiourea-5,DCM,248,Dicyanocyclopropyl-2-Cl Ph,"Nitroalkene-(CH2)4,H,na",88,1.36,-0.32312,-0.04878,163.828,5.3714,-0.51722,1.0941,6.4,2.87,7.35,4.69,2.33,7.14,5.545,2.6,7.245,-0.33828,-0.04968,83.4641,-0.10759,0.04773,0.51489,4.64,1.7,4.56,-0.27713,-0.05635,268.489,-0.46492,0.2798,216.3352,3590.7,14.0985,3416.52,375.1237,-0.5772,0.39295,-0.61406,0.41943,6.69,2,6.77,8.2,1.7,3.44,330.779,0
Rxn83,Thiourea-5,DCM,248,Dicyanocyclopropyl-3-OMe Ph,"Nitroalkene-(CH2)4,H,na",86,1.27,-0.30139,-0.04904,173.516,5.6604,-0.51676,1.0962,5.05,3.29,8.6,4.99,2.67,8.59,5.02,2.98,8.595,-0.33828,-0.04968,83.4641,-0.10759,0.04773,0.51489,4.64,1.7,4.56,-0.27713,-0.05635,268.489,-0.46492,0.2798,216.3352,3590.7,14.0985,3416.52,375.1237,-0.5772,0.39295,-0.61406,0.41943,6.69,2,6.77,8.2,1.7,3.44,330.779,0
Rxn84,Thiourea-5,DCM,248,Dicyanocyclopropyl-2-OMe Ph,"Nitroalkene-(CH2)4,H,na",89,1.40,-0.30345,-0.04287,172.319,6.5309,-0.51041,1.0943,5.04,3.11,7.42,4.38,3.25,7.4,4.71,3.18,7.41,-0.33828,-0.04968,83.4641,-0.10759,0.04773,0.51489,4.64,1.7,4.56,-0.27713,-0.05635,268.489,-0.46492,0.2798,216.3352,3590.7,14.0985,3416.52,375.1237,-0.5772,0.39295,-0.61406,0.41943,6.69,2,6.77,8.2,1.7,3.44,330.779,0
Rxn85,Thiourea-1,Toluene,313,HantszhEster-Et,"Nitroalkene-Ph,Me",4,0.05,-0.25141,-0.02068,179.783,0.7391,-0.56568,0.22351,9.42,1.98,5.37,9.42,1.98,5.37,9.42,1.98,5.37,-0.31268,-0.06436,125.204,0.08623,-0.13564,0.50172,6.87,1.7,3.27,-0.27598,-0.0245,251.231,-0.46383,0.28078,217.0512,3596.72,15.1597,3436.9,306.9801,-0.58842,0.39484,-0.61293,0.41924,6.69,2,5.52,7.43,2.35,5.11,349.218,0
Rxn86,Thiourea-9,Toluene,313,HantszhEster-tBu,"Nitroalkene-2-napthyl,Me",92,1.98,-0.24842,-0.01813,227.603,0.5954,-0.56562,1.007,9.63,3.24,6.35,9.63,3.24,6.35,9.63,3.24,6.35,-0.28472,-0.06618,180.206,0.08709,-0.13528,0.50152,9.01,1.7,4.43,-0.24575,0.02684,314.292,-0.35035,0.32323,219.7341,3532.95,55.7523,3583.47,14.0415,-0.61048,0.423,-0.59742,0.38093,6.72,2.17,5.96,6.61,3.14,5.84,372.854,0
Rxn87,Thiourea-9,Toluene,313,HantszhEster-tBu,"Nitroalkene-3-Cl Ph,Me",90,1.83,-0.24842,-0.01813,227.603,0.5954,-0.56562,1.007,9.63,3.24,6.35,9.63,3.24,6.35,9.63,3.24,6.35,-0.31781,-0.07103,139.218,0.08158,-0.12913,0.5018,6.87,1.7,4.51,-0.24575,0.02684,314.292,-0.35035,0.32323,219.7341,3532.95,55.7523,3583.47,14.0415,-0.61048,0.423,-0.59742,0.38093,6.72,2.17,5.96,6.61,3.14,5.84,372.854,0
Rxn88,Thiourea-9,Toluene,313,HantszhEster-tBu,"Nitroalkene-4-Cl Ph,Me",94,2.16,-0.24842,-0.01813,227.603,0.5954,-0.56562,1.007,9.63,3.24,6.35,9.63,3.24,6.35,9.63,3.24,6.35,-0.31089,-0.0704,141.717,0.08312,-0.13243,0.50165,8.18,1.7,3.27,-0.24575,0.02684,314.292,-0.35035,0.32323,219.7341,3532.95,55.7523,3583.47,14.0415,-0.61048,0.423,-0.59742,0.38093,6.72,2.17,5.96,6.61,3.14,5.84,372.854,0
Rxn89,Thiourea-9,Toluene,313,HantszhEster-tBu,"Nitroalkene-4-CN Ph,Me",90,1.83,-0.24842,-0.01813,227.603,0.5954,-0.56562,1.007,9.63,3.24,6.35,9.63,3.24,6.35,9.63,3.24,6.35,-0.32903,-0.085,145.843,0.07233,-0.12233,0.50117,8.84,1.7,3.27,-0.24575,0.02684,314.292,-0.35035,0.32323,219.7341,3532.95,55.7523,3583.47,14.0415,-0.61048,0.423,-0.59742,0.38093,6.72,2.17,5.96,6.61,3.14,5.84,372.854,0
Rxn90,Thiourea-9,Toluene,313,HantszhEster-tBu,"Nitroalkene-4-F Ph,Me",90,1.83,-0.24842,-0.01813,227.603,0.5954,-0.56562,1.007,9.63,3.24,6.35,9.63,3.24,6.35,9.63,3.24,6.35,-0.31255,-0.06733,125.991,0.08617,-0.13615,0.50157,7.48,1.7,3.26,-0.24575,0.02684,314.292,-0.35035,0.32323,219.7341,3532.95,55.7523,3583.47,14.0415,-0.61048,0.423,-0.59742,0.38093,6.72,2.17,5.96,6.61,3.14,5.84,372.854,0
Rxn91,Thiourea-9,Toluene,313,HantszhEster-tBu,"Nitroalkene-4-Me Ph,Me",94,2.16,-0.24842,-0.01813,227.603,0.5954,-0.56562,1.007,9.63,3.24,6.35,9.63,3.24,6.35,9.63,3.24,6.35,-0.30253,-0.06183,141.464,0.08963,-0.13865,0.5017,7.92,1.76,3.26,-0.24575,0.02684,314.292,-0.35035,0.32323,219.7341,3532.95,55.7523,3583.47,14.0415,-0.61048,0.423,-0.59742,0.38093,6.72,2.17,5.96,6.61,3.14,5.84,372.854,0
Rxn92,Thiourea-9,Toluene,313,HantszhEster-tBu,"Nitroalkene-Et,Me",64,0.94,-0.24842,-0.01813,227.603,0.5954,-0.56562,1.007,9.63,3.24,6.35,9.63,3.24,6.35,9.63,3.24,6.35,-0.34559,-0.04854,78.2467,0.11407,-0.16651,0.50579,4.8,1.7,3.22,-0.24575,0.02684,314.292,-0.35035,0.32323,219.7341,3532.95,55.7523,3583.47,14.0415,-0.61048,0.423,-0.59742,0.38093,6.72,2.17,5.96,6.61,3.14,5.84,372.854,0
Rxn93,Thiourea-9,Toluene,313,HantszhEster-tBu,"Nitroalkene-2-furyl,Me",92,1.98,-0.24842,-0.01813,227.603,0.5954,-0.56562,1.007,9.63,3.24,6.35,9.63,3.24,6.35,9.63,3.24,6.35,-0.29426,-0.0698,111.338,0.03481,-0.12991,0.49894,6.12,1.7,3.16,-0.24575,0.02684,314.292,-0.35035,0.32323,219.7341,3532.95,55.7523,3583.47,14.0415,-0.61048,0.423,-0.59742,0.38093,6.72,2.17,5.96,6.61,3.14,5.84,372.854,0
Rxn94,Thiourea-9,Toluene,313,HantszhEster-tBu,"Nitroalkene-Ph,Et",94,2.16,-0.24842,-0.01813,227.603,0.5954,-0.56562,1.007,9.63,3.24,6.35,9.63,3.24,6.35,9.63,3.24,6.35,-0.31373,-0.06324,136.246,0.09804,-0.14196,0.5029,6.87,1.7,3.26,-0.24575,0.02684,314.292,-0.35035,0.32323,219.7341,3532.95,55.7523,3583.47,14.0415,-0.61048,0.423,-0.59742,0.38093,6.72,2.17,5.96,6.61,3.14,5.84,372.854,0
Rxn95,Thiourea-9,Toluene,313,HantszhEster-tBu,"Nitroalkene-Ph,Me",94,2.16,-0.24842,-0.01813,227.603,0.5954,-0.56562,1.007,9.63,3.24,6.35,9.63,3.24,6.35,9.63,3.24,6.35,-0.31268,-0.06436,125.204,0.08623,-0.13564,0.50172,6.87,1.7,3.27,-0.24575,0.02684,314.292,-0.35035,0.32323,219.7341,3532.95,55.7523,3583.47,14.0415,-0.61048,0.423,-0.59742,0.38093,6.72,2.17,5.96,6.61,3.14,5.84,372.854,0
Rxn96,Thiourea-9,Toluene,313,HantszhEster-tBu,"Nitroalkene-Ph,n-Pr",96,2.42,-0.24842,-0.01813,227.603,0.5954,-0.56562,1.007,9.63,3.24,6.35,9.63,3.24,6.35,9.63,3.24,6.35,-0.31283,-0.06302,148.932,0.1013,-0.14202,0.50292,6.87,1.7,3.25,-0.24575,0.02684,314.292,-0.35035,0.32323,219.7341,3532.95,55.7523,3583.47,14.0415,-0.61048,0.423,-0.59742,0.38093,6.72,2.17,5.96,6.61,3.14,5.84,372.854,0
Rxn97,Thiourea-9,Toluene,313,HantszhEster-tBu,"Nitroalkene-t-Bu,Me",92,1.98,-0.24842,-0.01813,227.603,0.5954,-0.56562,1.007,9.63,3.24,6.35,9.63,3.24,6.35,9.63,3.24,6.35,-0.34386,-0.04807,101.875,0.13405,-0.1659,0.50578,4.73,2.85,3.29,-0.24575,0.02684,314.292,-0.35035,0.32323,219.7341,3532.95,55.7523,3583.47,14.0415,-0.61048,0.423,-0.59742,0.38093,6.72,2.17,5.96,6.61,3.14,5.84,372.854,0
Rxn98,Thiourea-1,CPME,195,2-oxopropanethioic S-acid,Nitroalkene-Ph,32,0.26,-0.33082,0.01133,46.1283,1.8539,-0.08,1.34675,5.01,1.47,4.48,5.01,1.47,4.48,5.01,1.47,4.48,-0.31278,-0.07498,117.432,-0.11897,-0.12663,0.50321,6.84,1.7,3.35,-0.27598,-0.0245,251.231,-0.46383,0.28078,217.0512,3596.72,15.1597,3436.9,306.9801,-0.58842,0.39484,-0.61293,0.41924,6.69,2,5.52,7.43,2.35,5.11,349.218,9.54
Rxn99,Urea-1,CPME,195,2-oxopropanethioic S-acid,Nitroalkene-Ph,68,0.64,-0.33082,0.01133,46.1283,1.8539,-0.08,1.34675,5.01,1.47,4.48,5.01,1.47,4.48,5.01,1.47,4.48,-0.31278,-0.07498,117.432,-0.11897,-0.12663,0.50321,6.84,1.7,3.35,-0.29275,-0.02151,230.177,-0.46393,0.79485,173.0773,3632.01,19.1654,3480.65,215.3675,-0.6054,0.39651,-0.6494,0.41702,6.67,1.99,5.52,7.48,2.43,5.14,341.841,9.54
Rxn100,Urea-2,CPME,195,2-oxopropanethioic S-acid,Nitroalkene-Ph,90,1.14,-0.33082,0.01133,46.1283,1.8539,-0.08,1.34675,5.01,1.47,4.48,5.01,1.47,4.48,5.01,1.47,4.48,-0.31278,-0.07498,117.432,-0.11897,-0.12663,0.50321,6.84,1.7,3.35,-0.27803,-0.00804,323.824,-0.45794,0.79488,175.2385,3581.87,15.3106,3628.74,13.9743,-0.83988,0.40208,-0.61711,0.38947,6.74,2.06,5.56,6.69,1.65,9.03,388.325,9.54
Rxn101,Urea-2,CPME,195,2-oxopropanethioic S-acid,"Nitroalkene-2,4-Cl Ph",96,1.51,-0.33082,0.01133,46.1283,1.8539,-0.08,1.34675,5.01,1.47,4.48,5.01,1.47,4.48,5.01,1.47,4.48,-0.31677,-0.08629,146.938,-0.13408,-0.11369,0.50232,8.17,1.73,4.5,-0.27803,-0.00804,323.824,-0.45794,0.79488,175.2385,3581.87,15.3106,3628.74,13.9743,-0.83988,0.40208,-0.61711,0.38947,6.74,2.06,5.56,6.69,1.65,9.03,388.325,9.54
Rxn102,Urea-2,CPME,195,2-oxopropanethioic S-acid,Nitroalkene-4-CF3 Ph,85,0.97,-0.33082,0.01133,46.1283,1.8539,-0.08,1.34675,5.01,1.47,4.48,5.01,1.47,4.48,5.01,1.47,4.48,-0.33099,-0.08942,131.377,-0.12943,-0.11258,0.50235,8.19,2.03,3.35,-0.27803,-0.00804,323.824,-0.45794,0.79488,175.2385,3581.87,15.3106,3628.74,13.9743,-0.83988,0.40208,-0.61711,0.38947,6.74,2.06,5.56,6.69,1.65,9.03,388.325,9.54
Rxn103,Urea-2,CPME,195,2-oxopropanethioic S-acid,Nitroalkene-4-Me Ph,91,1.18,-0.33082,0.01133,46.1283,1.8539,-0.08,1.34675,5.01,1.47,4.48,5.01,1.47,4.48,5.01,1.47,4.48,-0.30271,-0.07138,134.407,-0.11559,-0.13204,0.50331,7.89,1.88,3.35,-0.27803,-0.00804,323.824,-0.45794,0.79488,175.2385,3581.87,15.3106,3628.74,13.9743,-0.83988,0.40208,-0.61711,0.38947,6.74,2.06,5.56,6.69,1.65,9.03,388.325,9.54
Rxn104,Urea-2,CPME,195,2-oxopropanethioic S-acid,Nitroalkene-4-OMe Ph,93,1.29,-0.33082,0.01133,46.1283,1.8539,-0.08,1.34675,5.01,1.47,4.48,5.01,1.47,4.48,5.01,1.47,4.48,-0.28888,-0.06703,143.17,-0.11244,-0.14112,0.50328,8.89,1.81,3.36,-0.27803,-0.00804,323.824,-0.45794,0.79488,175.2385,3581.87,15.3106,3628.74,13.9743,-0.83988,0.40208,-0.61711,0.38947,6.74,2.06,5.56,6.69,1.65,9.03,388.325,9.54
Rxn105,Urea-2,CPME,195,2-oxopropanethioic S-acid,Nitroalkene-2-Me Ph,94,1.35,-0.33082,0.01133,46.1283,1.8539,-0.08,1.34675,5.01,1.47,4.48,5.01,1.47,4.48,5.01,1.47,4.48,-0.30717,-0.0746,130.065,-0.12483,-0.12448,0.50287,6.84,1.78,4.47,-0.27803,-0.00804,323.824,-0.45794,0.79488,175.2385,3581.87,15.3106,3628.74,13.9743,-0.83988,0.40208,-0.61711,0.38947,6.74,2.06,5.56,6.69,1.65,9.03,388.325,9.54
Rxn106,Urea-2,CPME,195,2-oxopropanethioic S-acid,Nitroalkene-Me ,78,0.81,-0.33082,0.01133,46.1283,1.8539,-0.08,1.34675,5.01,1.47,4.48,5.01,1.47,4.48,5.01,1.47,4.48,-0.36396,-0.0564,54.249,-0.09801,-0.14467,0.50588,3.59,1.7,2.12,-0.27803,-0.00804,323.824,-0.45794,0.79488,175.2385,3581.87,15.3106,3628.74,13.9743,-0.83988,0.40208,-0.61711,0.38947,6.74,2.06,5.56,6.69,1.65,9.03,388.325,9.54
Rxn107,Urea-2,CPME,195,2-oxopropanethioic S-acid,Nitroalkene-n-Pr,80,0.85,-0.33082,0.01133,46.1283,1.8539,-0.08,1.34675,5.01,1.47,4.48,5.01,1.47,4.48,5.01,1.47,4.48,-0.36061,-0.0537,78.1967,-0.08858,-0.1549,0.50651,5.8,1.7,3.34,-0.27803,-0.00804,323.824,-0.45794,0.79488,175.2385,3581.87,15.3106,3628.74,13.9743,-0.83988,0.40208,-0.61711,0.38947,6.74,2.06,5.56,6.69,1.65,9.03,388.325,9.54
Rxn108,Urea-2,CPME,195,2-oxopropanethioic S-acid,Nitroalkene-Cyclohexyl,84,0.95,-0.33082,0.01133,46.1283,1.8539,-0.08,1.34675,5.01,1.47,4.48,5.01,1.47,4.48,5.01,1.47,4.48,-0.3543,-0.0525,109.774,-0.07913,-0.15231,0.50665,6.77,2.02,3.63,-0.27803,-0.00804,323.824,-0.45794,0.79488,175.2385,3581.87,15.3106,3628.74,13.9743,-0.83988,0.40208,-0.61711,0.38947,6.74,2.06,5.56,6.69,1.65,9.03,388.325,9.54
Rxn109,Thiourea-11,Toluene,293,Diethylmalonate,Nitroalkene-Ph,1,1.25,-0.35802,0.03776,94.7257,2.5937,-0.59986,1.0929,6.06,1.97,6.53,6.06,1.97,6.53,6.06,1.97,6.53,-0.31278,-0.07498,117.432,-0.11897,-0.12663,0.50321,6.84,1.7,3.35,-0.25732,0.0303,148.84,-0.46192,0.28534,223.7652,3569.89,26.8542,3471.48,180.2851,-0.80184,0.38215,-0.61649,0.41544,6.7,2.01,5.53,2.5,1.09,1.09,211.243,0
Rxn110,Thiourea-12,Toluene,293,Diethylmalonate,Nitroalkene-Ph,1,1.07,-0.35802,0.03776,94.7257,2.5937,-0.59986,1.0929,6.06,1.97,6.53,6.06,1.97,6.53,6.06,1.97,6.53,-0.31278,-0.07498,117.432,-0.11897,-0.12663,0.50321,6.84,1.7,3.35,-0.25462,0.03589,161.987,-0.46196,0.28982,222.3625,3612.39,15.7438,3464.87,181.1586,-0.59422,0.38475,-0.62308,0.41191,6.69,2.01,5.53,3.55,1.7,2.13,230.696,0
Rxn111,Thiourea-13,Toluene,293,Diethylmalonate,Nitroalkene-Ph,1,1.02,-0.35802,0.03776,94.7257,2.5937,-0.59986,1.0929,6.06,1.97,6.53,6.06,1.97,6.53,6.06,1.97,6.53,-0.31278,-0.07498,117.432,-0.11897,-0.12663,0.50321,6.84,1.7,3.35,-0.25436,0.03418,174.665,-0.46191,0.29631,221.0019,3595.11,13.2268,3464.53,188.2452,-0.59456,0.38153,-0.62257,0.41168,6.69,2.01,5.53,4.64,1.7,3.25,248.275,0
Rxn112,Thiourea-14,Toluene,293,Diethylmalonate,Nitroalkene-Ph,1,0.93,-0.35802,0.03776,94.7257,2.5937,-0.59986,1.0929,6.06,1.97,6.53,6.06,1.97,6.53,6.06,1.97,6.53,-0.31278,-0.07498,117.432,-0.11897,-0.12663,0.50321,6.84,1.7,3.35,-0.25342,0.03527,187.299,-0.46185,0.30162,219.7908,3582.09,13.3069,3465.22,184.127,-0.59668,0.3808,-0.62218,0.41123,6.69,2.01,5.54,4.6,2.01,3.26,265.505,0
Rxn113,Thiourea-15,Toluene,293,Diethylmalonate,Nitroalkene-Ph,1,1.22,-0.35802,0.03776,94.7257,2.5937,-0.59986,1.0929,6.06,1.97,6.53,6.06,1.97,6.53,6.06,1.97,6.53,-0.31278,-0.07498,117.432,-0.11897,-0.12663,0.50321,6.84,1.7,3.35,-0.25757,0.01488,229.887,-0.46195,0.30006,221.5496,3592.86,17.1859,3466.13,212.3793,-0.58918,0.38583,-0.61901,0.41323,6.69,2.01,5.53,5.52,1.7,6.09,302.109,0
Rxn114,Thiourea-16,Toluene,293,Diethylmalonate,Nitroalkene-Ph,1,0.84,-0.35802,0.03776,94.7257,2.5937,-0.59986,1.0929,6.06,1.97,6.53,6.06,1.97,6.53,6.06,1.97,6.53,-0.31278,-0.07498,117.432,-0.11897,-0.12663,0.50321,6.84,1.7,3.35,-0.25245,0.03646,219.439,-0.4618,0.30324,219.6913,3585.03,14.0342,3465.99,191.5134,-0.59237,0.38157,-0.62153,0.41107,6.69,2.01,5.54,6.67,2.01,3.61,300.253,0
Rxn115,Thiourea-17,Toluene,293,Diethylmalonate,Nitroalkene-Ph,1,1.04,-0.35802,0.03776,94.7257,2.5937,-0.59986,1.0929,6.06,1.97,6.53,6.06,1.97,6.53,6.06,1.97,6.53,-0.31278,-0.07498,117.432,-0.11897,-0.12663,0.50321,6.84,1.7,3.35,-0.2587,0.00357,223.38,-0.4625,0.28721,217.1298,3593.19,13.8119,3452.42,260.2785,-0.58381,0.38983,-0.61956,0.41531,6.69,2.01,5.53,6.78,1.7,3.4,285.78,0
Rxn116,Thiourea-18,Toluene,293,Diethylmalonate,Nitroalkene-Ph,1,0.57,-0.35802,0.03776,94.7257,2.5937,-0.59986,1.0929,6.06,1.97,6.53,6.06,1.97,6.53,6.06,1.97,6.53,-0.31278,-0.07498,117.432,-0.11897,-0.12663,0.50321,6.84,1.7,3.35,-0.25203,0.03422,198.771,-0.46188,0.30629,219.4948,3592.65,15.498,3463.98,187.573,-0.60706,0.38434,-0.62476,0.41036,6.69,2.01,5.54,4.61,2.81,3.28,276.652,0
Rxn117,Thiourea-19,Toluene,293,Diethylmalonate,Nitroalkene-Ph,1,0.42,-0.35802,0.03776,94.7257,2.5937,-0.59986,1.0929,6.06,1.97,6.53,6.06,1.97,6.53,6.06,1.97,6.53,-0.31278,-0.07498,117.432,-0.11897,-0.12663,0.50321,6.84,1.7,3.35,-0.25188,0.03274,233.017,-0.46214,0.30548,218.5456,3593.17,17.9855,3464.25,180.3757,-0.61669,0.38518,-0.62754,0.40948,6.7,2.01,5.54,5.44,2.86,4.6,313.432,0
Rxn118,Thiourea-20,Toluene,293,Diethylmalonate,Nitroalkene-Ph,1,0.96,-0.35802,0.03776,94.7257,2.5937,-0.59986,1.0929,6.06,1.97,6.53,6.06,1.97,6.53,6.06,1.97,6.53,-0.31278,-0.07498,117.432,-0.11897,-0.12663,0.50321,6.84,1.7,3.35,-0.25661,0.00557,295.161,-0.46306,0.29744,219.3309,3602.19,22.3058,3475.6,142.5161,-0.59708,0.39309,-0.61741,0.40797,6.7,2.02,5.54,6.55,2.01,6.28,361.039,0
Rxn119,Thiourea-21,Toluene,293,Diethylmalonate,Nitroalkene-Ph,1,1.13,-0.35802,0.03776,94.7257,2.5937,-0.59986,1.0929,6.06,1.97,6.53,6.06,1.97,6.53,6.06,1.97,6.53,-0.31278,-0.07498,117.432,-0.11897,-0.12663,0.50321,6.84,1.7,3.35,-0.26236,-0.02144,307.244,-0.45517,0.28566,222.2529,3613.4,11.7609,3436.16,271.9413,-0.59027,0.38716,-0.63315,0.4209,6.21,2.43,7.52,3.55,1.7,2.13,367.504,0
Rxn120,Thiourea-22,Toluene,293,Diethylmalonate,Nitroalkene-Ph,1,1.08,-0.35802,0.03776,94.7257,2.5937,-0.59986,1.0929,6.06,1.97,6.53,6.06,1.97,6.53,6.06,1.97,6.53,-0.31278,-0.07498,117.432,-0.11897,-0.12663,0.50321,6.84,1.7,3.35,-0.26179,-0.02144,319.954,-0.45515,0.2919,220.8676,3595.88,16.5756,3463.8,233.2487,-0.5904,0.38375,-0.63304,0.42082,7.75,4.49,7.61,4.64,1.7,3.25,384.777,0
Rxn121,Thiourea-23,Toluene,293,Diethylmalonate,Nitroalkene-Ph,1,1.05,-0.35802,0.03776,94.7257,2.5937,-0.59986,1.0929,6.06,1.97,6.53,6.06,1.97,6.53,6.06,1.97,6.53,-0.31278,-0.07498,117.432,-0.11897,-0.12663,0.50321,6.84,1.7,3.35,-0.26098,-0.02123,333.112,-0.45504,0.29727,219.7299,3583.12,16.8684,3465.34,225.3566,-0.59295,0.38311,-0.63285,0.42032,7.74,4.51,7.63,4.6,2.01,3.26,401.431,0
Rxn122,Thiourea-24,Toluene,293,Diethylmalonate,Nitroalkene-Ph,1,1.21,-0.35802,0.03776,94.7257,2.5937,-0.59986,1.0929,6.06,1.97,6.53,6.06,1.97,6.53,6.06,1.97,6.53,-0.31278,-0.07498,117.432,-0.11897,-0.12663,0.50321,6.84,1.7,3.35,-0.25698,-0.02475,365.263,-0.45963,0.29635,217.2249,3571.14,5.6193,3461.31,311.7385,-0.59114,0.37575,-0.63445,0.42693,6.26,2.29,7.57,5.14,1.7,6.21,403.541,0
Rxn123,Thiourea-25,Toluene,293,Diethylmalonate,Nitroalkene-Ph,1,1.08,-0.35802,0.03776,94.7257,2.5937,-0.59986,1.0929,6.06,1.97,6.53,6.06,1.97,6.53,6.06,1.97,6.53,-0.31278,-0.07498,117.432,-0.11897,-0.12663,0.50321,6.84,1.7,3.35,-0.25959,-0.01928,360.36,-0.45441,0.30159,219.2863,3585.29,17.928,3459.66,214.5556,-0.58945,0.38384,-0.63237,0.42209,7.73,3.97,6.16,6.67,2.01,3.61,418.137,0
Rxn124,Thiourea-26,Toluene,293,Diethylmalonate,Nitroalkene-Ph,1,1.34,-0.35802,0.03776,94.7257,2.5937,-0.59986,1.0929,6.06,1.97,6.53,6.06,1.97,6.53,6.06,1.97,6.53,-0.31278,-0.07498,117.432,-0.11897,-0.12663,0.50321,6.84,1.7,3.35,-0.26418,-0.02373,371.296,-0.45607,0.28214,216.1237,3592.67,15.8825,3450.09,315.9109,-0.57813,0.39119,-0.63025,0.42406,7.77,4.5,7.63,6.78,1.7,3.41,422.291,0
Rxn125,Thiourea-27,Toluene,293,Diethylmalonate,Nitroalkene-Ph,1,0.59,-0.35802,0.03776,94.7257,2.5937,-0.59986,1.0929,6.06,1.97,6.53,6.06,1.97,6.53,6.06,1.97,6.53,-0.31278,-0.07498,117.432,-0.11897,-0.12663,0.50321,6.84,1.7,3.35,-0.25961,-0.02082,344.798,-0.45517,0.30223,219.2117,3592.8,19.2633,3463.91,231.8726,-0.60355,0.38664,-0.63579,0.41979,7.74,4.52,7.63,4.61,2.82,3.28,412.898,0
Rxn126,Squaramide-7,Toluene,293,Diphenylmalonate,Nitroalkene-Ph,1,1.48,-0.31869,-0.0511,173.239,0.6724,-0.60347,1.0911,8.03,1.98,7.18,8.03,1.98,7.18,8.03,1.98,7.18,-0.31278,-0.07498,117.432,-0.11897,-0.12663,0.50321,6.84,1.7,3.35,-0.25076,0.00968,190.093,-0.46359,0.10268,195.5572,3612.02,21.9872,3472.99,239.4289,-0.56604,0.38913,-0.59769,0.41803,6.67,1.99,5.52,3.56,1.7,2.13,260.847,0
Rxn127,Squaramide-8,Toluene,293,Diphenylmalonate,Nitroalkene-Ph,1,1.40,-0.31869,-0.0511,173.239,0.6724,-0.60347,1.0911,8.03,1.98,7.18,8.03,1.98,7.18,8.03,1.98,7.18,-0.31278,-0.07498,117.432,-0.11897,-0.12663,0.50321,6.84,1.7,3.35,-0.2522,0.00778,202.331,-0.46328,0.10207,197.6304,3584.15,13.597,3473.4,246.1391,-0.57252,0.38623,-0.59621,0.41987,6.67,1.99,5.52,4.66,1.7,3.26,277.748,0
Rxn128,Squaramide-9,Toluene,293,Diphenylmalonate,Nitroalkene-Ph,1,1.24,-0.31869,-0.0511,173.239,0.6724,-0.60347,1.0911,8.03,1.98,7.18,8.03,1.98,7.18,8.03,1.98,7.18,-0.31278,-0.07498,117.432,-0.11897,-0.12663,0.50321,6.84,1.7,3.35,-0.2514,0.00825,215.461,-0.46324,0.104545,197.0553,3566.19,11.9734,3474.24,242.3221,-0.57634,0.38485,-0.59614,0.41979,6.67,1.99,5.52,4.62,2.01,3.26,294.973,0
Rxn129,Squaramide-10,Toluene,293,Diphenylmalonate,Nitroalkene-Ph,1,1.30,-0.31869,-0.0511,173.239,0.6724,-0.60347,1.0911,8.03,1.98,7.18,8.03,1.98,7.18,8.03,1.98,7.18,-0.31278,-0.07498,117.432,-0.11897,-0.12663,0.50321,6.84,1.7,3.35,-0.25402,-0.00015,255.817,-0.46345,0.1064,198.10945,3570.85,12.2982,3473.98,266.9228,-0.56439,0.38713,-0.59167,0.42126,6.67,1.99,5.51,5.13,1.7,6.13,330.581,0
Rxn130,Squaramide-11,Toluene,293,Diphenylmalonate,Nitroalkene-Ph,1,0.74,-0.31869,-0.0511,173.239,0.6724,-0.60347,1.0911,8.03,1.98,7.18,8.03,1.98,7.18,8.03,1.98,7.18,-0.31278,-0.07498,117.432,-0.11897,-0.12663,0.50321,6.84,1.7,3.35,-0.24878,-0.01385,256.429,-0.46494,0.10424,194.4464,3593.05,11.0676,3449.68,283.8295,-0.54723,0.39421,-0.59456,0.41957,6.67,1.99,5.51,6.78,1.7,3.37,314.801,0
Rxn131,Squaramide-12,Toluene,293,Diphenylmalonate,Nitroalkene-Ph,1,0.54,-0.31869,-0.0511,173.239,0.6724,-0.60347,1.0911,8.03,1.98,7.18,8.03,1.98,7.18,8.03,1.98,7.18,-0.31278,-0.07498,117.432,-0.11897,-0.12663,0.50321,6.84,1.7,3.35,-0.25074,0.0068,227.387,-0.4635,0.10833,197.5364,3595.23,18.1834,3466.04,241.2414,-0.58853,0.39209,-0.5967,0.41915,6.67,1.99,5.51,4.6,2.85,3.27,305.678,0
Rxn132,Thiourea-1,THF,253,Oxindole-Me,Nitroalkene-Ph,78,1.05,-0.28551,0.00152,175.931,0.8748,-0.33635,1.09882,6.56,3.14,8.42,6.56,3.14,8.42,6.56,3.14,8.42,-0.31278,-0.07498,117.432,-0.11897,-0.12663,0.50321,6.84,1.7,3.35,-0.27598,-0.0245,251.231,-0.46383,0.28078,217.0512,3596.72,15.1597,3436.9,306.9801,-0.58842,0.39484,-0.61293,0.41924,6.69,2,5.52,7.43,2.35,5.11,349.218,9.54
Rxn133,Thiourea-1,Xylene,253,Oxindole-Me,Nitroalkene-Ph,89,1.43,-0.28551,0.00152,175.931,0.8748,-0.33635,1.09882,6.56,3.14,8.42,6.56,3.14,8.42,6.56,3.14,8.42,-0.31278,-0.07498,117.432,-0.11897,-0.12663,0.50321,6.84,1.7,3.35,-0.27598,-0.0245,251.231,-0.46383,0.28078,217.0512,3596.72,15.1597,3436.9,306.9801,-0.58842,0.39484,-0.61293,0.41924,6.69,2,5.52,7.43,2.35,5.11,349.218,0
Rxn134,Thiourea-1,Toluene,253,Oxindole-Me,Nitroalkene-Ph,87,1.34,-0.28551,0.00152,175.931,0.8748,-0.33635,1.09882,6.56,3.14,8.42,6.56,3.14,8.42,6.56,3.14,8.42,-0.31278,-0.07498,117.432,-0.11897,-0.12663,0.50321,6.84,1.7,3.35,-0.27598,-0.0245,251.231,-0.46383,0.28078,217.0512,3596.72,15.1597,3436.9,306.9801,-0.58842,0.39484,-0.61293,0.41924,6.69,2,5.52,7.43,2.35,5.11,349.218,0
Rxn135,Thiourea-1,DCM,253,Oxindole-Me,Nitroalkene-Ph,93,1.67,-0.28551,0.00152,175.931,0.8748,-0.33635,1.09882,6.56,3.14,8.42,6.56,3.14,8.42,6.56,3.14,8.42,-0.31278,-0.07498,117.432,-0.11897,-0.12663,0.50321,6.84,1.7,3.35,-0.27598,-0.0245,251.231,-0.46383,0.28078,217.0512,3596.72,15.1597,3436.9,306.9801,-0.58842,0.39484,-0.61293,0.41924,6.69,2,5.52,7.43,2.35,5.11,349.218,0
Rxn136,Thiourea-1,CHCl3,253,Oxindole-Me,Nitroalkene-Ph,95,1.84,-0.28551,0.00152,175.931,0.8748,-0.33635,1.09882,6.56,3.14,8.42,6.56,3.14,8.42,6.56,3.14,8.42,-0.31278,-0.07498,117.432,-0.11897,-0.12663,0.50321,6.84,1.7,3.35,-0.27598,-0.0245,251.231,-0.46383,0.28078,217.0512,3596.72,15.1597,3436.9,306.9801,-0.58842,0.39484,-0.61293,0.41924,6.69,2,5.52,7.43,2.35,5.11,349.218,0
Rxn137,Thiourea-10,CHCl3,253,Oxindole-Me,Nitroalkene-Ph,99,2.66,-0.28551,0.00152,175.931,0.8748,-0.33635,1.09882,6.56,3.14,8.42,6.56,3.14,8.42,6.56,3.14,8.42,-0.31278,-0.07498,117.432,-0.11897,-0.12663,0.50321,6.84,1.7,3.35,-0.27153,-0.01993,409.807,-0.47245,0.30033,211.3091,3534.55,55.6093,3551.99,215.7154,-0.59838,0.41606,-0.61361,0.42447,6.68,2.96,7.02,7.57,2.28,5.21,438.763,0
Rxn138,Thiourea-10,DCM,253,Oxindole-Me,Nitroalkene-Ph,92,1.60,-0.28551,0.00152,175.931,0.8748,-0.33635,1.09882,6.56,3.14,8.42,6.56,3.14,8.42,6.56,3.14,8.42,-0.31278,-0.07498,117.432,-0.11897,-0.12663,0.50321,6.84,1.7,3.35,-0.27153,-0.01993,409.807,-0.47245,0.30033,211.3091,3534.55,55.6093,3551.99,215.7154,-0.59838,0.41606,-0.61361,0.42447,6.68,2.96,7.02,7.57,2.28,5.21,438.763,0
Rxn139,Thiourea-10,CHCl3,253,Oxindole-Et,Nitroalkene-Ph,96,1.96,-0.2851,0.00136,186.642,0.8752,-0.33944,1.09835,6.64,3.14,8.39,6.64,3.14,8.39,6.64,3.14,8.39,-0.31278,-0.07498,117.432,-0.11897,-0.12663,0.50321,6.84,1.7,3.35,-0.27153,-0.01993,409.807,-0.47245,0.30033,211.3091,3534.55,55.6093,3551.99,215.7154,-0.59838,0.41606,-0.61361,0.42447,6.68,2.96,7.02,7.57,2.28,5.21,438.763,0
Rxn140,Thiourea-10,CHCl3,253,Oxindole-Allyl,Nitroalkene-Ph,94,1.75,-0.28528,0.00109,196.536,0.8065,-0.33006,1.09715,7,3.13,8.25,7,3.13,8.25,7,3.13,8.25,-0.31278,-0.07498,117.432,-0.11897,-0.12663,0.50321,6.84,1.7,3.35,-0.27153,-0.01993,409.807,-0.47245,0.30033,211.3091,3534.55,55.6093,3551.99,215.7154,-0.59838,0.41606,-0.61361,0.42447,6.68,2.96,7.02,7.57,2.28,5.21,438.763,0
Rxn141,Thiourea-10,CHCl3,253,Oxindole-Cinnamyl,Nitroalkene-Ph,92,1.60,-0.27909,-0.01706,261.686,0.9077,-0.36894,1.09922,7.13,4.89,8.22,7.13,4.89,8.22,7.13,4.89,8.22,-0.31278,-0.07498,117.432,-0.11897,-0.12663,0.50321,6.84,1.7,3.35,-0.27153,-0.01993,409.807,-0.47245,0.30033,211.3091,3534.55,55.6093,3551.99,215.7154,-0.59838,0.41606,-0.61361,0.42447,6.68,2.96,7.02,7.57,2.28,5.21,438.763,0
Rxn142,Thiourea-10,CHCl3,253,Oxindole-4-Br Bn,Nitroalkene-Ph,88,1.38,-0.28675,-0.00607,252.749,2.0106,-0.33131,1.09411,9.83,3.13,7.5,9.83,3.13,7.5,9.83,3.13,7.5,-0.31278,-0.07498,117.432,-0.11897,-0.12663,0.50321,6.84,1.7,3.35,-0.27153,-0.01993,409.807,-0.47245,0.30033,211.3091,3534.55,55.6093,3551.99,215.7154,-0.59838,0.41606,-0.61361,0.42447,6.68,2.96,7.02,7.57,2.28,5.21,438.763,0
Rxn143,Thiourea-10,CHCl3,253,Oxindole-Allyl,Nitroalkene-4-Br Ph,91,1.54,-0.28528,0.00109,196.536,0.8065,-0.33006,1.09715,7,3.13,8.25,7,3.13,8.25,7,3.13,8.25,-0.30901,-0.08183,144.145,-0.12306,-0.12284,0.50286,8.4,1.83,3.35,-0.27153,-0.01993,409.807,-0.47245,0.30033,211.3091,3534.55,55.6093,3551.99,215.7154,-0.59838,0.41606,-0.61361,0.42447,6.68,2.96,7.02,7.57,2.28,5.21,438.763,0
Rxn144,Thiourea-10,CHCl3,253,Oxindole-Allyl,Nitroalkene-3-Br Ph,95,1.84,-0.28528,0.00109,196.536,0.8065,-0.33006,1.09715,7,3.13,8.25,7,3.13,8.25,7,3.13,8.25,-0.31709,-0.08254,138.779,-0.12468,-0.11818,0.50299,6.87,1.75,4.58,-0.27153,-0.01993,409.807,-0.47245,0.30033,211.3091,3534.55,55.6093,3551.99,215.7154,-0.59838,0.41606,-0.61361,0.42447,6.68,2.96,7.02,7.57,2.28,5.21,438.763,0
Rxn145,Thiourea-10,CHCl3,253,Oxindole-Allyl,Nitroalkene-4-OMe Ph,90,1.48,-0.28528,0.00109,196.536,0.8065,-0.33006,1.09715,7,3.13,8.25,7,3.13,8.25,7,3.13,8.25,-0.28888,-0.06703,143.17,-0.11244,-0.14112,0.50328,8.89,1.81,3.36,-0.27153,-0.01993,409.807,-0.47245,0.30033,211.3091,3534.55,55.6093,3551.99,215.7154,-0.59838,0.41606,-0.61361,0.42447,6.68,2.96,7.02,7.57,2.28,5.21,438.763,0
Rxn146,Thiourea-10,CHCl3,253,Oxindole-Allyl,Nitroalkene-4-OH Ph,92,1.60,-0.28528,0.00109,196.536,0.8065,-0.33006,1.09715,7,3.13,8.25,7,3.13,8.25,7,3.13,8.25,-0.29328,-0.06889,127.21,-0.11361,-0.13957,0.50327,7.54,1.7,3.35,-0.27153,-0.01993,409.807,-0.47245,0.30033,211.3091,3534.55,55.6093,3551.99,215.7154,-0.59838,0.41606,-0.61361,0.42447,6.68,2.96,7.02,7.57,2.28,5.21,438.763,0
Rxn147,Thiourea-10,CHCl3,253,Oxindole-Allyl,"Nitroalkene-3,4-Cl Ph",89,1.43,-0.28528,0.00109,196.536,0.8065,-0.33006,1.09715,7,3.13,8.25,7,3.13,8.25,7,3.13,8.25,-0.31579,-0.08663,148.105,-0.12632,-0.11745,0.50275,8.15,1.74,4.63,-0.27153,-0.01993,409.807,-0.47245,0.30033,211.3091,3534.55,55.6093,3551.99,215.7154,-0.59838,0.41606,-0.61361,0.42447,6.68,2.96,7.02,7.57,2.28,5.21,438.763,0
Rxn148,Thiourea-10,CHCl3,253,Oxindole-Allyl,Nitroalkene-2-furyl,99,2.66,-0.28528,0.00109,196.536,0.8065,-0.33006,1.09715,7,3.13,8.25,7,3.13,8.25,7,3.13,8.25,-0.29764,-0.07491,101.31,-0.16837,-0.12483,0.5,6.08,1.7,3.17,-0.27153,-0.01993,409.807,-0.47245,0.30033,211.3091,3534.55,55.6093,3551.99,215.7154,-0.59838,0.41606,-0.61361,0.42447,6.68,2.96,7.02,7.57,2.28,5.21,438.763,0
Rxn149,Thiourea-10,CHCl3,253,Oxindole-Allyl,Nitroalkene-Heptyl,94,1.75,-0.28528,0.00109,196.536,0.8065,-0.33006,1.09715,7,3.13,8.25,7,3.13,8.25,7,3.13,8.25,-0.3595,-0.05298,127.453,-0.08733,-0.15452,0.50662,10.24,1.7,5.88,-0.27153,-0.01993,409.807,-0.47245,0.30033,211.3091,3534.55,55.6093,3551.99,215.7154,-0.59838,0.41606,-0.61361,0.42447,6.68,2.96,7.02,7.57,2.28,5.21,438.763,0
Rxn150,Thiourea-10,CHCl3,253,Oxindole-Allyl,Nitroalkene-(Ome)2CH,93,1.67,-0.28528,0.00109,196.536,0.8065,-0.33006,1.09715,7,3.13,8.25,7,3.13,8.25,7,3.13,8.25,-0.37075,-0.06291,85.2589,-0.15913,-0.11241,0.50278,5.45,1.89,4.3,-0.27153,-0.01993,409.807,-0.47245,0.30033,211.3091,3534.55,55.6093,3551.99,215.7154,-0.59838,0.41606,-0.61361,0.42447,6.68,2.96,7.02,7.57,2.28,5.21,438.763,0